Proxy,Timestamp,Score,Success
108.61.23.18:80,1755020862,0.05,1
108.61.23.18:80,1755020862,0.15,1
108.61.23.18:80,1755020862,0.04,1
138.197.155.38:80,1755020862,3.70,1
138.197.155.38:80,1755020862,1.08,1
192.241.147.174:80,1755020862,1.94,1
104.131.103.230:80,1755020862,1.50,1
104.131.103.230:80,1755020862,0.38,1
35.230.115.171:8080,1755020862,0.00,0
198.199.86.11:80,1755020862,0.00,0
198.199.86.11:80,1755020862,0.00,0
198.199.86.11:80,1755020862,0.00,0
18.135.100.214:3128,1755020862,0.00,1
18.135.100.214:3128,1755020862,0.00,1
18.135.100.214:3128,1755020862,0.00,1
37.120.189.106:80,1755020862,0.01,1
139.162.78.109:3128,1755020862,0.00,0
136.175.9.86:8083,1755020862,0.00,0
136.175.9.84:8087,1755020862,0.00,0
136.175.9.85:8084,1755020862,0.00,0
18.130.202.43:3128,1755020862,0.00,0
139.59.213.145:80,1755020862,0.37,1
5.9.88.169:80,1755020862,0.04,1
5.9.88.169:80,1755020862,0.08,1
16.163.88.228:80,1755020862,0.00,1
101.132.222.120:80,1755020862,0.00,0
101.132.222.120:80,1755020862,0.00,0
101.132.222.120:80,1755020862,0.00,0
39.101.161.223:8090,1755020862,0.00,0
39.101.161.223:8090,1755020862,0.00,0
47.96.70.163:8082,1755020862,0.00,0
112.126.68.169:8384,1755020862,0.00,0
45.134.14.181:1080,1755020862,0.00,0
45.134.14.181:1080,1755020862,0.00,0
47.92.242.45:8118,1755020862,0.00,0
47.92.242.45:8118,1755020862,0.00,0
47.92.242.45:8118,1755020862,0.00,0
47.92.248.86:8080,1755020862,0.00,0
13.48.138.241:3129,1755020862,0.00,0
13.48.138.241:3129,1755020862,0.00,0
101.200.187.233:8080,1755020862,0.00,0
101.200.187.233:8080,1755020862,0.00,0
13.49.64.201:3128,1755020862,0.00,0
13.49.64.201:3128,1755020862,0.00,0
15.237.216.241:8085,1755020862,0.00,0
15.237.216.241:8085,1755020862,0.00,0
109.95.220.45:8080,1755020862,0.00,0
18.101.22.36:1080,1755020862,0.00,0
18.101.22.36:1080,1755020862,0.00,0
15.237.182.89:8085,1755020862,0.00,0
15.237.182.89:8085,1755020862,0.00,0
15.237.182.89:3128,1755020862,0.00,0
15.237.182.89:3128,1755020862,0.00,0
35.152.106.51:8080,1755020862,0.00,0
18.208.142.221:1080,1755020862,0.00,0
18.208.142.221:1080,1755020862,0.00,0
34.228.23.120:3128,1755020862,0.00,0
18.231.246.132:3128,1755020862,0.00,0
18.231.246.132:3128,1755020862,0.00,0
113.108.13.120:8083,1755020862,0.00,0
3.142.201.147:3128,1755020862,0.00,0
3.142.201.147:3128,1755020862,0.00,0
65.108.203.35:18080,1755020862,0.00,0
103.231.78.36:80,1755020862,0.00,0
103.231.78.36:80,1755020862,0.00,0
15.223.115.238:1080,1755020862,0.00,0
15.223.115.238:1080,1755020862,0.00,0
35.181.65.119:3128,1755020862,0.00,0
173.209.63.66:8112,1755020862,0.00,0
13.244.64.166:3128,1755020862,0.00,0
34.219.59.199:52541,1755020862,0.00,0
34.219.59.199:52541,1755020862,0.00,0
72.10.164.178:18623,1755020862,0.00,0
18.226.170.181:26374,1755020862,0.00,0
36.138.53.26:10019,1755020862,0.00,0
36.138.53.26:10019,1755020862,0.00,0
103.63.190.72:8080,1755020862,0.00,0
18.226.170.181:8103,1755020862,0.00,0
109.191.155.209:8081,1755020862,0.00,0
109.191.155.209:8081,1755020862,0.00,0
180.103.19.246:1080,1755020862,0.00,0
185.151.29.96:3128,1755020862,0.00,0
156.67.214.232:80,1755020862,0.00,1
171.244.5.173:3129,1755020862,0.00,0
119.3.113.150:9094,1755020862,0.00,0
119.3.113.150:9094,1755020862,0.00,0
104.129.194.45:10801,1755020862,0.02,1
104.129.194.45:10801,1755020862,0.02,1
34.219.67.137:8081,1755020862,0.00,0
43.130.52.194:8118,1755020862,0.00,0
188.191.165.159:8080,1755020862,0.00,0
188.191.165.159:8080,1755020862,0.00,0
4.156.78.45:80,1755020862,1.95,1
4.156.78.45:80,1755020862,0.12,1
4.156.78.45:80,1755020862,0.75,1
3.67.92.255:3128,1755020862,0.00,0
3.67.92.255:3128,1755020862,0.00,0
136.47.167.209:8118,1755020862,0.00,0
13.246.36.36:1080,1755020862,0.00,0
13.246.36.36:1080,1755020862,0.00,0
113.160.132.195:8080,1755020862,0.00,0
113.160.132.195:8080,1755020862,0.00,0
165.225.72.38:10801,1755020862,0.00,1
117.74.65.207:443,1755020862,0.00,0
117.74.65.207:443,1755020862,0.00,1
117.74.65.207:443,1755020862,0.00,0
82.102.10.253:80,1755020862,1.63,1
42.180.0.58:6182,1755020862,0.00,0
42.180.0.58:6182,1755020862,0.00,0
34.245.122.113:55829,1755020862,0.00,0
18.100.145.231:3128,1755020862,0.00,0
13.232.122.43:1080,1755020862,0.00,0
34.245.122.113:8080,1755020862,0.00,0
91.241.217.58:9090,1755020862,0.00,0
135.181.154.225:80,1755020862,0.00,0
135.181.154.225:80,1755020862,0.00,0
152.53.107.230:80,1755020862,1.33,1
67.43.236.20:18749,1755020862,0.00,0
72.10.164.178:25757,1755020862,0.00,0
77.110.114.116:8080,1755020862,0.00,0
77.110.114.116:8080,1755020862,0.00,0
3.29.58.203:1080,1755020862,0.00,0
3.29.58.203:1080,1755020862,0.00,0
117.72.95.105:1080,1755020862,0.00,0
123.128.12.93:9050,1755020862,0.00,0
36.138.53.26:10017,1755020862,0.00,0
36.138.53.26:10017,1755020862,0.00,0
36.138.53.26:10017,1755020862,0.00,0
3.29.58.203:59143,1755020862,0.00,0
3.29.58.203:59143,1755020862,0.00,0
123.128.12.93:9055,1755020862,0.00,0
123.128.12.93:9055,1755020862,0.00,0
120.26.0.11:8880,1755020862,0.00,0
18.231.59.51:3128,1755020862,0.00,0
18.231.59.51:3128,1755020862,0.00,0
167.99.122.154:3000,1755020862,0.00,1
167.99.122.154:3000,1755020862,0.01,1
171.237.60.177:10006,1755020862,0.00,0
171.237.60.177:10006,1755020862,0.00,0
152.26.229.52:9443,1755020862,0.83,1
152.26.229.52:9443,1755020862,0.90,1
45.239.175.60:8080,1755020862,0.00,0
103.65.237.92:5678,1755020862,0.00,0
103.65.237.92:5678,1755020862,0.00,0
16.171.60.188:3128,1755020862,0.00,0
85.117.56.151:8080,1755020862,0.00,1
85.117.56.151:8080,1755020862,0.00,1
136.175.9.85:8081,1755020862,0.63,1
79.110.202.131:8081,1755020862,0.00,0
4.245.123.244:80,1755020862,0.60,1
4.245.123.244:80,1755020862,0.65,1
23.237.210.82:80,1755020862,0.60,1
23.237.210.82:80,1755020862,1.27,1
23.237.210.82:80,1755020862,0.98,1
43.128.87.252:443,1755020862,0.00,0
8.219.167.110:8082,1755020862,0.00,1
8.219.167.110:8082,1755020862,0.00,0
84.39.112.144:3128,1755020862,0.00,0
110.238.116.82:8015,1755020862,0.00,1
202.154.18.129:8080,1755020862,0.00,1
136.175.9.84:8084,1755020862,0.44,1
51.44.86.217:3128,1755020862,0.00,0
213.136.87.65:80,1755020862,0.05,1
136.175.9.86:8084,1755020862,0.39,1
39.106.192.29:8443,1755020862,0.00,0
13.40.30.235:58831,1755020862,0.00,0
34.216.224.9:10003,1755020862,0.00,0
43.128.87.252:80,1755020862,0.00,0
116.98.181.51:1015,1755020862,0.00,0
152.53.168.53:18807,1755020862,0.00,0
46.219.2.5:80,1755020862,0.00,0
46.219.2.5:80,1755020862,0.00,0
147.28.240.214:443,1755020862,0.34,1
18.143.167.190:18276,1755020862,0.00,0
40.176.45.160:10888,1755020862,0.00,0
63.250.32.221:3128,1755020862,0.27,1
8.219.43.134:8181,1755020862,0.00,1
190.103.177.131:80,1755020862,0.26,1
190.103.177.131:80,1755020862,0.15,1
190.103.177.131:80,1755020862,0.00,0
18.143.167.190:9898,1755020862,0.00,0
116.49.72.189:8888,1755020862,0.25,1
147.28.240.214:80,1755020862,0.25,1
147.28.240.214:80,1755020862,0.15,1
77.242.98.39:8080,1755020862,0.00,0
77.242.98.39:8080,1755020862,0.00,0
157.175.42.134:1234,1755020862,0.00,0
147.28.240.214:9401,1755020862,0.20,1
173.209.63.70:8126,1755020862,0.00,0
18.143.173.102:21681,1755020862,0.00,0
47.243.124.21:4040,1755020862,0.00,1
47.243.124.21:4040,1755020862,0.00,0
158.255.77.169:80,1755020862,0.00,0
103.70.93.77:8097,1755020862,0.00,1
116.63.130.30:30001,1755020862,0.00,1
74.48.189.152:2580,1755020862,0.20,1
125.103.83.163:8118,1755020862,0.16,1
181.174.164.221:80,1755020862,0.15,1
181.174.164.221:80,1755020862,0.00,0
181.174.164.221:80,1755020862,0.11,1
93.171.157.249:8080,1755020862,0.00,0
39.108.88.42:80,1755020862,0.00,0
200.174.198.86:8888,1755020862,0.00,0
101.32.244.83:8083,1755020862,0.13,1
157.175.196.63:10888,1755020862,0.00,0
123.159.126.158:8085,1755020862,0.00,0
123.141.181.3:5031,1755020862,0.12,1
216.10.253.97:80,1755020862,0.00,1
103.138.145.34:80,1755020862,0.10,1
152.53.168.53:58841,1755020862,0.10,1
103.63.190.165:8080,1755020862,0.10,1
47.91.110.148:9999,1755020862,0.00,0
47.120.0.231:8081,1755020862,0.00,0
8.215.15.163:104,1755020862,0.00,0
34.100.253.96:80,1755020862,0.00,0
179.1.203.76:999,1755020862,0.00,0
47.91.115.179:1081,1755020862,0.00,0
8.220.136.174:20000,1755020862,0.00,0
47.116.126.57:9098,1755020862,0.00,0
39.101.65.228:8090,1755020862,0.00,0
39.104.57.33:8080,1755020862,0.00,0
47.91.110.148:8181,1755020862,0.00,0
39.102.214.199:8080,1755020862,0.00,0
179.1.151.22:999,1755020862,0.00,0
39.102.214.192:10000,1755020862,0.00,0
39.104.69.76:8090,1755020862,0.00,0
8.215.15.163:1080,1755020862,0.00,0
8.220.136.174:30001,1755020862,0.00,0
47.109.110.100:8008,1755020862,0.00,0
47.108.159.113:9098,1755020862,0.00,0
47.91.115.179:8443,1755020862,0.00,0
8.220.136.174:9002,1755020862,0.00,0
39.104.57.33:9098,1755020862,0.00,0
47.109.110.100:80,1755020862,0.00,0
8.220.136.174:6379,1755020862,0.00,0
116.132.0.134:8060,1755020862,0.00,0
39.101.65.228:8123,1755020862,0.00,0
39.102.214.192:3128,1755020862,0.00,0
39.104.69.76:9080,1755020862,0.00,0
39.101.65.228:8989,1755020862,0.00,0
39.104.57.33:8888,1755020862,0.00,0
47.91.115.179:9091,1755020862,0.00,0
171.237.60.177:10001,1755020862,0.00,0
171.237.60.177:10001,1755020862,0.00,0
8.220.136.174:2000,1755020862,0.00,0
47.121.129.129:3128,1755020862,0.00,0
8.220.136.174:8443,1755020862,0.00,0
39.101.65.228:8118,1755020862,0.00,0
41.65.71.141:1976,1755020862,0.00,0
39.102.213.213:8089,1755020862,0.00,0
39.102.214.199:8095,1755020862,0.00,0
47.104.27.165:8443,1755020862,0.00,0
47.120.0.231:1081,1755020862,0.00,0
39.101.65.228:9080,1755020862,0.00,0
39.101.65.228:8282,1755020862,0.00,0
38.7.18.50:999,1755020862,0.00,0
39.102.214.199:7777,1755020862,0.00,0
103.230.48.110:8082,1755020862,0.00,0
47.91.115.179:9098,1755020862,0.00,0
47.109.110.100:3128,1755020862,0.00,0
47.104.28.135:9080,1755020862,0.00,0
47.116.210.163:8080,1755020862,0.00,0
39.104.69.76:8800,1755020862,0.00,0
39.102.208.189:9098,1755020862,0.00,0
47.91.115.179:8090,1755020862,0.00,0
145.40.96.156:9401,1755020862,0.00,0
39.100.88.89:80,1755020862,0.00,0
47.109.83.196:9080,1755020862,0.00,0
47.91.121.127:194,1755020862,0.00,0
39.102.214.199:9098,1755020862,0.00,0
47.109.110.100:8089,1755020862,0.00,0
39.102.214.199:9999,1755020862,0.00,0
39.102.214.199:9080,1755020862,0.00,0
8.220.136.174:8080,1755020862,0.00,0
39.102.214.199:41890,1755020862,0.00,0
47.109.83.196:9098,1755020862,0.00,0
47.109.83.196:9098,1755020862,0.00,0
39.100.88.89:8443,1755020862,0.00,0
45.175.155.12:999,1755020862,0.00,0
47.109.83.196:45554,1755020862,0.00,0
39.100.88.89:34567,1755020862,0.00,0
47.91.115.179:9080,1755020862,0.00,0
47.121.182.36:8008,1755020862,0.00,0
39.104.59.56:9080,1755020862,0.00,0
39.101.65.228:999,1755020862,0.00,0
47.121.182.36:80,1755020862,0.00,0
39.102.214.199:80,1755020862,0.00,0
47.121.182.36:8888,1755020862,0.00,0
39.102.214.199:3128,1755020862,0.00,0
39.100.88.89:3128,1755020862,0.00,0
39.102.208.189:8008,1755020862,0.00,0
47.121.133.212:3128,1755020862,0.00,0
47.91.120.190:3128,1755020862,0.00,0
39.102.214.199:57114,1755020862,0.00,0
47.121.182.36:8080,1755020862,0.00,0
39.102.208.189:3128,1755020862,0.00,0
39.100.88.89:9080,1755020862,0.00,0
39.102.208.189:8080,1755020862,0.00,0
39.102.208.236:10000,1755020862,0.00,0
47.91.110.148:8443,1755020862,0.00,0
47.91.29.151:3128,1755020862,0.00,0
200.90.52.154:999,1755020862,0.00,0
47.91.29.151:1311,1755020862,0.00,0
47.121.133.212:8008,1755020862,0.00,0
171.237.60.177:10004,1755020862,0.00,0
171.237.60.177:10004,1755020862,0.00,0
171.237.60.177:10004,1755020862,0.00,0
103.163.80.74:105,1755020862,0.00,0
47.121.133.212:1080,1755020862,0.00,0
171.249.163.170:1452,1755020862,0.00,0
39.101.65.228:8899,1755020862,0.00,0
47.109.110.100:9080,1755020862,0.00,0
38.7.131.190:999,1755020862,0.00,0
39.104.69.76:9098,1755020862,0.00,0
47.109.110.100:8080,1755020862,0.00,0
39.100.88.89:8081,1755020862,0.00,0
200.95.184.50:999,1755020862,0.00,0
39.101.65.228:111,1755020862,0.00,0
149.129.255.179:9050,1755020862,0.00,0
45.181.12.10:999,1755020862,0.00,0
39.101.65.228:1081,1755020862,0.00,0
39.102.208.189:1081,1755020862,0.00,0
47.92.143.92:3128,1755020862,0.00,0
47.92.143.92:5060,1755020862,0.00,0
188.132.249.136:8080,1755020862,0.00,0
39.102.208.189:80,1755020862,0.00,0
47.116.181.146:80,1755020862,0.00,0
103.234.124.183:7777,1755020862,0.00,0
39.102.208.236:80,1755020862,0.00,0
39.102.214.199:8443,1755020862,0.00,0
47.121.183.107:80,1755020862,0.00,0
39.101.65.228:18081,1755020862,0.00,0
39.102.211.162:5060,1755020862,0.00,0
39.102.208.236:10002,1755020862,0.00,0
39.102.211.162:80,1755020862,0.00,0
39.102.214.208:10002,1755020862,0.00,0
81.28.38.3:8080,1755020862,0.00,0
47.121.183.107:6379,1755020862,0.00,0
47.116.181.146:12000,1755020862,0.00,0
149.129.255.179:4002,1755020862,0.00,0
45.123.142.20:8181,1755020862,0.00,0
47.92.152.43:9080,1755020862,0.00,0
39.102.208.189:8085,1755020862,0.00,0
134.236.61.7:8080,1755020862,0.00,0
47.109.83.196:8008,1755020862,0.00,0
47.92.152.43:9098,1755020862,0.00,0
47.121.183.107:8081,1755020862,0.00,0
47.121.182.88:8081,1755020862,0.00,0
47.92.194.235:3128,1755020862,0.00,0
39.102.208.236:3128,1755020862,0.00,0
47.92.152.43:12000,1755020862,0.00,0
39.102.214.208:3128,1755020862,0.00,0
47.116.126.57:3128,1755020862,0.00,0
47.116.181.146:6379,1755020862,0.00,0
188.132.222.56:8080,1755020862,0.00,0
39.102.214.199:8008,1755020862,0.00,0
47.121.183.107:8443,1755020862,0.00,0
39.101.65.228:1080,1755020862,0.00,0
47.92.194.235:8800,1755020862,0.00,0
47.116.181.146:8443,1755020862,0.00,0
47.116.181.146:8081,1755020862,0.00,0
47.121.183.107:3128,1755020862,0.00,0
47.116.210.163:3128,1755020862,0.00,0
39.102.208.236:9080,1755020862,0.00,0
39.101.65.228:3132,1755020862,0.00,0
39.104.16.201:3128,1755020862,0.00,0
117.54.114.33:80,1755020862,0.00,0
47.116.210.163:9080,1755020862,0.00,0
39.101.65.228:1337,1755020862,0.00,0
47.119.22.92:8008,1755020862,0.00,0
47.116.181.146:9098,1755020862,0.00,0
149.129.255.179:8080,1755020862,0.00,0
47.119.164.33:6379,1755020862,0.00,0
149.129.255.179:18080,1755020862,0.00,0
39.101.65.228:3127,1755020862,0.00,0
8.219.229.53:80,1755020862,0.00,0
39.102.208.23:3128,1755020862,0.00,0
149.129.255.179:1081,1755020862,0.00,0
39.104.16.201:8080,1755020862,0.00,0
47.92.82.167:8080,1755020862,0.00,0
34.87.84.105:80,1755020862,0.00,0
39.104.23.154:8081,1755020862,0.00,0
39.102.208.236:8090,1755020862,0.00,0
47.116.181.146:8090,1755020862,0.00,0
47.92.219.102:6379,1755020862,0.00,0
39.104.23.154:3128,1755020862,0.00,0
47.121.182.36:20002,1755020862,0.00,0
47.121.183.107:9098,1755020862,0.00,0
39.101.65.228:2079,1755020862,0.00,0
47.92.152.43:8118,1755020862,0.00,0
149.129.255.179:119,1755020862,0.00,0
39.104.16.201:8443,1755020862,0.00,0
149.129.255.179:8060,1755020862,0.00,0
47.116.181.146:9080,1755020862,0.00,0
47.99.112.148:8008,1755020862,0.00,0
47.116.181.146:8800,1755020862,0.00,0
149.129.255.179:51,1755020862,0.00,0
47.119.22.92:9098,1755020862,0.00,0
47.92.82.167:3128,1755020862,0.00,0
39.101.65.228:21025,1755020862,0.00,0
39.102.208.236:9098,1755020862,0.00,0
39.102.208.236:8443,1755020862,0.00,0
47.92.219.102:8081,1755020862,0.00,0
39.104.16.201:8081,1755020862,0.00,0
47.121.182.36:8081,1755020862,0.00,0
47.121.183.107:9080,1755020862,0.00,0
39.102.208.236:8080,1755020862,0.00,0
39.101.65.228:20000,1755020862,0.00,0
39.101.65.228:4153,1755020862,0.00,0
8.219.229.53:8008,1755020862,0.00,0
47.119.19.221:80,1755020862,0.00,0
47.116.126.57:8008,1755020862,0.00,0
47.122.5.165:8008,1755020862,0.00,0
47.119.164.33:80,1755020862,0.00,0
149.129.255.179:80,1755020862,0.00,0
8.219.229.53:6379,1755020862,0.00,0
47.92.152.43:8081,1755020862,0.00,0
47.92.82.167:7890,1755020862,0.00,0
39.104.23.154:8443,1755020862,0.00,0
8.219.229.53:59394,1755020862,0.00,0
8.219.229.53:8200,1755020862,0.00,0
8.219.229.53:176,1755020862,0.00,0
39.104.27.89:31281,1755020862,0.00,0
39.101.65.228:2000,1755020862,0.00,0
8.219.229.53:84,1755020862,0.00,0
47.122.31.59:80,1755020862,0.00,0
149.129.255.179:8081,1755020862,0.00,0
39.102.208.23:8080,1755020862,0.00,0
39.101.65.228:33633,1755020862,0.00,0
39.104.23.154:80,1755020862,0.00,0
149.129.255.179:77,1755020862,0.00,0
149.129.255.179:8443,1755020862,0.00,0
47.122.5.165:80,1755020862,0.00,0
47.116.126.57:8081,1755020862,0.00,0
39.101.65.228:19,1755020862,0.00,0
47.122.31.59:8443,1755020862,0.00,0
39.102.208.23:3129,1755020862,0.00,0
149.129.255.179:9091,1755020862,0.00,0
47.99.112.148:8080,1755020862,0.00,0
39.102.208.23:80,1755020862,0.00,0
39.101.65.228:4006,1755020862,0.00,0
39.104.23.154:8080,1755020862,0.00,0
39.104.16.201:9098,1755020862,0.00,0
39.101.65.228:3129,1755020862,0.00,0
47.122.31.59:3128,1755020862,0.00,0
39.104.23.154:9080,1755020862,0.00,0
39.102.208.23:10002,1755020862,0.00,0
103.169.132.70:8085,1755020862,0.00,0
47.116.126.57:8443,1755020862,0.00,0
47.119.20.8:8081,1755020862,0.00,0
47.122.5.165:8081,1755020862,0.00,0
47.116.126.57:8118,1755020862,0.00,0
39.101.65.228:80,1755020862,0.00,0
101.200.158.109:9080,1755020862,0.00,0
39.104.27.89:8080,1755020862,0.00,0
39.102.209.121:80,1755020862,0.00,0
83.222.184.91:3128,1755020862,0.00,0
39.102.209.121:8008,1755020862,0.00,0
39.101.65.228:5678,1755020862,0.00,0
47.122.5.165:999,1755020862,0.00,0
39.104.27.89:8004,1755020862,0.00,0
39.101.65.228:10808,1755020862,0.00,0
8.219.229.53:8081,1755020862,0.00,0
101.200.158.109:8080,1755020862,0.00,0
47.119.19.221:8080,1755020862,0.00,0
139.224.186.221:80,1755020862,0.00,0
139.224.186.221:1111,1755020862,0.00,0
37.120.162.180:42824,1755020862,0.00,0
101.200.158.109:9200,1755020862,0.00,0
39.102.209.121:3128,1755020862,0.00,0
47.122.56.158:20000,1755020862,0.00,0
8.219.229.53:90,1755020862,0.00,0
47.122.56.158:8008,1755020862,0.00,0
47.121.133.212:80,1755020862,0.00,0
39.102.208.23:9080,1755020862,0.00,0
101.200.158.109:8081,1755020862,0.00,0
14.177.235.17:8080,1755020862,0.00,0
39.104.27.89:8085,1755020862,0.00,0
47.119.20.8:9080,1755020862,0.00,0
8.219.229.53:5060,1755020862,0.00,0
103.38.104.164:7777,1755020862,0.00,0
8.219.229.53:1081,1755020862,0.00,0
39.104.27.89:8888,1755020862,0.00,0
8.219.229.53:8888,1755020862,0.00,0
139.224.186.221:7878,1755020862,0.00,0
47.119.20.8:1111,1755020862,0.00,0
47.122.56.158:3128,1755020862,0.00,0
101.200.158.109:8008,1755020862,0.00,0
196.216.132.43:8080,1755020862,0.00,0
39.101.65.228:8000,1755020862,0.00,0
103.172.17.51:8080,1755020862,0.00,0
47.119.20.8:9098,1755020862,0.00,0
39.102.208.23:8081,1755020862,0.00,0
103.171.255.243:8080,1755020862,0.00,0
47.116.126.57:9080,1755020862,0.00,0
39.104.27.89:8081,1755020862,0.00,0
39.102.209.121:8080,1755020862,0.00,0
39.104.27.89:8008,1755020862,0.00,0
47.122.56.158:6379,1755020862,0.00,0
39.101.65.228:6000,1755020862,0.00,0
39.102.208.23:8443,1755020862,0.00,0
8.220.136.174:8999,1755020862,0.00,0
8.220.136.174:8999,1755020862,0.00,0
47.122.60.157:10000,1755020862,0.00,0
202.51.98.229:7000,1755020862,0.00,0
47.119.22.92:3128,1755020862,0.00,0
8.220.136.174:1080,1755020862,0.00,0
47.122.57.58:8080,1755020862,0.00,0
39.104.69.76:8081,1755020862,0.00,0
47.122.57.58:9080,1755020862,0.00,0
39.101.65.228:8001,1755020862,0.00,0
198.145.118.100:8080,1755020862,0.00,0
5.161.225.0:10000,1755020862,0.00,0
39.102.209.128:8081,1755020862,0.00,0
47.119.22.156:10000,1755020862,0.00,0
39.101.65.228:8020,1755020862,0.00,0
200.188.112.145:999,1755020862,0.00,0
39.102.209.121:9098,1755020862,0.00,0
39.104.69.76:8080,1755020862,0.00,0
47.122.60.157:3128,1755020862,0.00,0
103.177.199.69:1111,1755020862,0.00,0
39.102.209.121:9080,1755020862,0.00,0
39.102.209.128:9098,1755020862,0.00,0
8.220.136.174:3129,1755020862,0.00,0
39.102.209.121:8888,1755020862,0.00,0
39.101.65.228:82,1755020862,0.00,0
47.122.31.238:8080,1755020862,0.00,0
39.104.27.89:9098,1755020862,0.00,0
39.104.57.33:3128,1755020862,0.00,0
202.57.25.94:8080,1755020862,0.00,0
47.122.31.238:59394,1755020862,0.00,0
39.104.27.89:9080,1755020862,0.00,0
190.121.151.162:999,1755020862,0.00,0
39.102.209.128:3128,1755020862,0.00,0
39.102.209.163:3128,1755020862,0.00,0
47.119.22.92:8080,1755020862,0.00,0
8.220.136.174:8888,1755020862,0.00,0
39.102.209.128:13,1755020862,0.00,0
47.122.56.158:9098,1755020862,0.00,0
47.122.31.59:8080,1755020862,0.00,0
39.102.209.128:80,1755020862,0.00,0
39.101.65.228:8080,1755020862,0.00,0
47.122.57.58:9098,1755020862,0.00,0
47.119.22.156:8081,1755020862,0.00,0
39.101.65.228:8002,1755020862,0.00,0
39.101.65.228:808,1755020862,0.00,0
83.222.184.90:3128,1755020862,0.00,0
47.119.22.92:10000,1755020862,0.00,0
39.101.65.228:8499,1755020862,0.00,0
185.208.102.178:8080,1755020862,0.00,0
8.220.136.174:20002,1755020862,0.00,0
47.120.0.231:80,1755020862,0.00,0
39.104.69.76:8443,1755020862,0.00,0
39.104.57.33:80,1755020862,0.00,0
39.104.69.76:8089,1755020862,0.00,0
8.220.136.174:8086,1755020862,0.00,0
8.220.136.174:8086,1755020862,0.00,0
8.220.136.174:9098,1755020862,0.00,0
8.220.136.174:9098,1755020862,0.00,0
39.102.209.121:8081,1755020862,0.00,0
39.101.65.228:7890,1755020862,0.00,0
47.119.22.92:9080,1755020862,0.00,0
47.119.22.92:8081,1755020862,0.00,0
39.104.69.76:3128,1755020862,0.00,0
103.175.224.131:8080,1755020862,0.00,0
83.222.184.87:3128,1755020862,0.00,0
47.119.22.92:8443,1755020862,0.00,0
47.119.22.92:80,1755020862,0.00,0
39.101.65.228:87,1755020862,0.00,0
8.220.136.174:9080,1755020862,0.00,0
8.220.136.174:9080,1755020862,0.00,0
39.101.65.228:8800,1755020862,0.00,0
39.104.57.33:9080,1755020862,0.00,0
39.101.65.228:8084,1755020862,0.00,0
47.122.56.158:8080,1755020862,0.00,0
39.102.209.163:8000,1755020862,0.00,0
39.104.57.33:8081,1755020862,0.00,0
47.122.60.157:8081,1755020862,0.00,0
194.164.174.7:3128,1755020862,0.09,1
104.155.15.30:80,1755020862,0.01,1
209.97.150.167:80,1755020862,0.00,0
209.97.150.167:80,1755020862,0.00,0
47.238.60.156:8008,1755020862,0.00,0
52.166.240.42:80,1755020862,0.00,0
192.177.139.148:8000,1755020862,0.00,0
47.122.60.157:8008,1755020862,0.00,0
113.108.13.120:4433,1755020862,0.00,0
113.108.13.120:4433,1755020862,0.00,0
18.163.196.59:1080,1755020862,0.00,0
18.163.196.59:1080,1755020862,0.00,1
41.92.157.70:8080,1755020862,0.00,0
38.147.98.190:8080,1755020862,0.00,0
152.53.194.46:8070,1755020862,0.00,0
103.88.211.163:8080,1755020862,0.00,0
39.102.209.121:31281,1755020862,0.00,0
64.110.82.7:8080,1755020862,0.00,0
41.59.90.175:80,1755020862,0.00,0
41.59.90.175:80,1755020862,0.00,0
173.209.63.67:8036,1755020862,0.00,0
8.219.97.248:80,1755020862,0.00,0
14.142.36.210:80,1755020862,0.00,0
67.43.228.250:10213,1755020862,0.00,0
123.141.181.32:5031,1755020862,0.00,0
123.141.181.32:5031,1755020862,0.00,0
190.94.213.23:999,1755020862,0.00,0
152.53.168.53:48343,1755020862,0.00,0
82.25.90.240:3128,1755020862,0.00,0
82.25.90.240:3128,1755020862,0.26,1
113.121.253.65:8118,1755020862,0.00,0
138.68.60.8:80,1755020862,0.00,0
192.177.139.23:8000,1755020862,0.00,0
197.243.27.122:3128,1755020862,0.00,0
109.71.254.4:80,1755020862,0.00,0
109.71.254.4:80,1755020862,0.00,0
195.158.8.123:3128,1755020862,0.00,0
195.158.8.123:3128,1755020862,0.00,0
195.158.8.123:3128,1755020862,0.00,0
142.93.157.60:80,1755020862,0.00,0
173.209.63.70:8027,1755020862,0.00,0
173.209.63.70:8027,1755020862,0.00,0
190.104.37.36:999,1755020862,0.00,0
36.136.27.2:4999,1755020862,0.00,0
36.136.27.2:4999,1755020862,0.00,0
37.27.6.46:80,1755020862,0.00,0
103.117.192.10:80,1755020862,0.00,0
103.117.192.10:80,1755020862,0.11,1
145.40.96.156:443,1755020862,0.00,0
173.209.63.67:8069,1755020862,0.00,0
62.234.206.73:3128,1755020862,0.00,0
62.234.206.73:3128,1755020862,0.00,0
145.40.96.157:9400,1755020862,0.00,0
107.6.7.232:3128,1755020862,0.00,0
152.53.168.53:19997,1755020862,0.00,0
173.209.63.68:8112,1755020862,0.00,0
103.63.190.84:8080,1755020862,0.00,0
18.163.196.59:3128,1755020862,0.00,0
145.40.96.156:9400,1755020862,0.00,0
173.209.63.66:8036,1755020862,0.00,0
85.117.56.71:8080,1755020862,0.00,0
39.102.209.128:8080,1755020862,0.00,0
173.209.63.68:8054,1755020862,0.00,0
113.176.130.176:10005,1755020862,0.00,0
185.91.121.236:3128,1755020862,0.00,0
47.238.60.156:8080,1755020862,0.00,0
47.122.61.139:8008,1755020862,0.00,0
152.53.168.53:30691,1755020862,0.00,0
39.102.209.128:8089,1755020862,0.00,0
47.238.60.156:8085,1755020862,0.00,0
89.31.143.12:80,1755020862,0.03,1
89.31.143.12:80,1755020862,0.05,1
178.33.13.233:80,1755020862,0.00,1
13.40.30.235:33333,1755020862,0.00,0
13.40.30.235:33333,1755020862,0.00,0
120.55.240.71:8647,1755020862,0.00,0
120.26.123.95:8010,1755020862,0.00,0
121.40.189.171:8000,1755020862,0.00,0
115.29.148.215:45554,1755020862,0.00,0
115.29.148.215:45554,1755020862,0.00,0
39.99.34.28:8888,1755020862,0.00,0
8.148.20.126:9098,1755020862,0.00,0
115.239.234.43:7302,1755020862,0.00,1
120.79.21.48:808,1755020862,0.00,0
124.193.203.41:8000,1755020862,0.00,0
124.193.203.41:8000,1755020862,0.00,0
124.193.203.41:8000,1755020862,0.01,1
121.43.43.217:10007,1755020862,0.00,0
120.77.8.130:3128,1755020862,0.00,0
120.79.7.173:8085,1755020862,0.00,0
54.226.69.33:3128,1755020862,0.00,0
54.226.69.33:3128,1755020862,0.00,0
203.95.198.114:8080,1755020862,0.00,0
59.110.139.72:9030,1755020862,0.00,0
42.112.22.6:80,1755020862,0.00,0
118.71.132.44:1001,1755020862,0.00,0
178.128.55.239:8888,1755020862,0.00,1
89.58.57.45:80,1755020862,0.00,0
89.58.57.45:80,1755020862,0.00,0
79.110.200.27:8000,1755020862,0.00,0
89.58.55.33:80,1755020862,0.00,0
89.58.55.33:80,1755020862,0.00,0
87.239.31.42:80,1755020862,0.00,0
87.239.31.42:80,1755020862,0.00,0
87.239.31.42:80,1755020862,0.00,0
54.219.227.207:3128,1755020862,0.00,0
193.233.126.61:3128,1755020862,0.00,0
51.84.63.168:3128,1755020862,0.00,0
51.92.148.127:3128,1755020862,0.00,0
119.3.113.152:9094,1755020862,0.00,0
119.3.113.152:9094,1755020862,0.00,0
13.56.150.161:1080,1755020862,0.00,0
13.56.150.161:1080,1755020862,0.00,0
216.200.63.52:8080,1755020862,0.00,1
52.29.191.183:3128,1755020862,0.00,0
52.29.191.183:3128,1755020862,0.00,0
123.141.181.25:5031,1755020862,0.13,1
120.78.229.140:8000,1755020862,0.00,0
58.216.109.14:800,1755020862,0.00,0
58.216.109.14:800,1755020862,0.00,0
40.192.37.189:3128,1755020862,0.00,0
47.238.60.156:9080,1755020862,0.00,0
113.162.238.86:20499,1755020862,0.00,0
47.122.61.139:1081,1755020862,0.00,0
39.102.210.222:57114,1755020862,0.00,0
203.95.198.35:8080,1755020862,0.00,0
103.216.51.2:8080,1755020862,0.00,0
54.151.52.154:8080,1755020862,0.00,0
54.151.52.154:8080,1755020862,0.00,0
41.59.90.171:80,1755020862,0.00,0
41.59.90.171:80,1755020862,0.00,0
43.208.148.173:3128,1755020862,0.00,0
54.177.108.157:1080,1755020862,0.00,0
54.177.108.157:1080,1755020862,0.00,0
43.216.21.187:3128,1755020862,0.00,0
76.50.80.32:8182,1755020862,0.00,0
103.99.27.188:8282,1755020862,0.00,0
39.102.210.222:1111,1755020862,0.00,0
114.215.127.92:2080,1755020862,0.00,0
47.238.60.156:2526,1755020862,0.00,0
47.122.60.73:8008,1755020862,0.00,0
116.102.206.233:8000,1755020862,0.00,0
45.146.163.31:80,1755020862,0.00,0
45.146.163.31:80,1755020862,0.00,0
38.180.18.103:3128,1755020862,0.00,0
54.249.191.233:8888,1755020862,0.00,0
85.118.117.165:8080,1755020862,0.00,1
58.216.109.17:800,1755020862,0.00,0
221.231.13.198:1080,1755020862,0.00,0
221.231.13.198:1080,1755020862,0.00,0
203.19.38.114:1080,1755020862,0.00,0
203.19.38.114:1080,1755020862,0.00,0
40.176.42.142:3128,1755020862,0.00,0
40.176.42.142:3128,1755020862,0.00,0
54.238.237.156:1080,1755020862,0.00,0
54.238.237.156:1080,1755020862,0.00,0
13.212.81.49:1452,1755020862,0.00,0
47.122.60.73:3128,1755020862,0.00,0
43.217.82.90:3128,1755020862,0.00,0
8.137.117.211:3128,1755020862,0.00,0
8.137.117.211:3128,1755020862,0.00,0
178.20.41.152:3128,1755020862,0.00,0
183.109.79.187:80,1755020862,0.00,0
183.109.79.187:80,1755020862,0.00,0
61.158.175.38:9002,1755020862,0.00,0
153.0.171.163:8085,1755020862,0.00,0
153.0.171.163:8085,1755020862,0.00,0
153.0.171.163:8085,1755020862,0.00,0
40.172.232.213:39557,1755020862,0.00,0
114.215.127.92:8008,1755020862,0.00,0
157.66.50.147:8080,1755020862,0.00,0
152.53.168.53:11947,1755020862,0.00,0
39.102.211.64:3128,1755020862,0.00,0
114.215.127.92:8080,1755020862,0.00,0
31.14.114.77:1081,1755020862,0.00,0
47.122.61.139:80,1755020862,0.00,0
157.20.98.63:1111,1755020862,0.00,0
152.53.194.46:8029,1755020862,0.00,0
78.188.152.209:1454,1755020862,0.00,0
103.39.70.252:8181,1755020862,0.00,0
39.104.59.56:9098,1755020862,0.00,0
39.102.211.64:8081,1755020862,0.00,0
31.14.114.76:1081,1755020862,0.00,0
217.160.98.224:3128,1755020862,0.00,0
157.180.121.252:50936,1755020862,0.00,0
213.87.103.76:3128,1755020862,0.00,0
213.87.103.76:3128,1755020862,0.00,0
213.87.103.76:3128,1755020862,0.00,0
141.98.153.86:80,1755020862,1.51,1
141.98.153.86:80,1755020862,0.20,1
115.72.4.186:10008,1755020862,0.00,0
54.255.239.60:1111,1755020862,0.00,0
47.122.61.139:8090,1755020862,0.00,0
47.250.159.65:2002,1755020862,0.00,0
103.148.184.82:8080,1755020862,0.00,0
114.215.127.92:8081,1755020862,0.00,0
39.102.211.64:5060,1755020862,0.00,0
123.141.181.49:5031,1755020862,0.14,1
123.141.181.49:5031,1755020862,0.13,1
123.141.181.49:5031,1755020862,0.13,1
123.141.181.31:5031,1755020862,0.00,0
123.141.181.31:5031,1755020862,0.00,0
39.102.211.64:8443,1755020862,0.00,0
114.215.127.92:9080,1755020862,0.00,0
95.66.138.21:8880,1755020862,0.00,0
95.66.138.21:8880,1755020862,0.00,0
47.122.61.139:9080,1755020862,0.00,0
152.53.194.46:8039,1755020862,0.00,0
152.53.194.46:8039,1755020862,0.00,0
123.30.154.171:7777,1755020862,0.00,0
123.30.154.171:7777,1755020862,0.00,0
154.16.146.44:80,1755020862,0.70,1
154.16.146.44:80,1755020862,0.12,1
41.65.160.172:1976,1755020862,0.00,0
120.25.189.254:5060,1755020862,0.00,0
174.138.18.165:8880,1755020862,0.00,0
47.252.1.180:7302,1755020862,0.00,1
47.88.29.108:4006,1755020862,0.00,1
8.208.85.34:6969,1755020862,0.00,1
8.208.90.243:8081,1755020862,0.00,1
120.26.104.146:80,1755020862,0.00,0
39.102.211.64:9080,1755020862,0.00,0
114.215.127.92:9100,1755020862,0.00,0
106.14.104.220:3128,1755020862,0.00,0
217.25.230.70:8080,1755020862,0.00,0
47.122.62.83:1081,1755020862,0.00,0
152.53.168.53:23193,1755020862,0.00,0
124.71.157.181:8089,1755020862,0.00,1
124.70.221.252:8499,1755020862,0.00,1
121.37.207.154:6789,1755020862,0.00,1
38.60.109.55:80,1755020862,0.49,1
38.60.109.55:80,1755020862,0.00,0
38.60.109.55:80,1755020862,0.15,1
54.180.143.12:10012,1755020862,0.00,0
92.67.186.210:80,1755020862,0.00,0
92.67.186.210:80,1755020862,0.00,0
47.250.51.110:100,1755020862,0.00,0
47.122.61.139:9098,1755020862,0.00,0
106.14.104.220:20000,1755020862,0.00,0
114.215.127.92:8118,1755020862,0.00,0
121.37.207.154:8002,1755020862,0.00,1
121.37.207.154:8002,1755020862,0.00,1
56.124.22.247:3128,1755020862,0.00,0
56.124.22.247:3128,1755020862,0.00,0
39.104.59.56:8089,1755020862,0.00,0
79.110.201.235:8081,1755020862,0.00,0
120.26.104.146:8081,1755020862,0.00,0
116.98.178.163:1005,1755020862,0.00,0
152.53.168.53:57059,1755020862,0.00,0
79.110.202.184:8081,1755020862,0.00,0
154.16.146.48:80,1755020862,0.33,1
115.72.10.21:10004,1755020862,0.00,0
54.199.199.66:5314,1755020862,0.00,0
57.129.81.201:999,1755020862,0.00,0
57.129.81.201:999,1755020862,0.00,0
154.16.146.41:80,1755020862,0.30,1
154.16.146.41:80,1755020862,0.15,1
59.153.100.98:80,1755020862,0.30,1
59.153.100.98:80,1755020862,0.00,0
59.153.100.98:80,1755020862,0.25,1
116.203.107.220:80,1755020862,0.28,1
116.203.107.220:80,1755020862,0.50,1
116.203.107.220:80,1755020862,0.37,1
57.129.81.201:8081,1755020862,0.00,0
57.129.81.201:8081,1755020862,0.00,0
47.250.51.110:1234,1755020862,0.00,0
47.119.22.156:3128,1755020862,0.00,0
106.14.104.220:5060,1755020862,0.00,0
113.95.133.185:8888,1755020862,0.00,0
39.102.209.128:9080,1755020862,0.00,0
120.26.104.146:9080,1755020862,0.00,0
123.141.181.43:5031,1755020862,0.12,1
4.195.16.140:80,1755020862,0.19,1
4.195.16.140:80,1755020862,0.15,1
120.53.27.73:3128,1755020862,0.00,1
106.14.104.220:5080,1755020862,0.00,0
47.122.62.83:8080,1755020862,0.00,0
47.251.110.68:3128,1755020862,0.00,0
47.251.110.68:3128,1755020862,0.00,0
152.53.168.53:49093,1755020862,0.00,0
175.110.114.216:80,1755020862,0.00,0
175.110.114.216:80,1755020862,0.00,0
103.188.169.88:8080,1755020862,0.00,0
39.102.211.64:80,1755020862,0.00,0
120.26.104.146:8008,1755020862,0.00,0
79.110.200.148:8081,1755020862,0.00,0
79.110.200.148:8081,1755020862,0.00,0
152.53.194.46:8051,1755020862,0.00,0
152.53.194.46:8051,1755020862,0.00,0
121.230.8.137:1080,1755020862,0.00,0
59.37.18.243:3128,1755020862,0.00,0
47.122.62.83:8081,1755020862,0.00,0
67.43.236.18:27179,1755020862,0.12,1
67.43.236.18:27179,1755020862,0.19,1
106.14.104.220:3333,1755020862,0.00,0
47.251.11.225:3366,1755020862,0.00,0
103.188.168.92:8080,1755020862,0.00,0
115.72.44.82:10004,1755020862,0.00,0
39.102.210.176:3128,1755020862,0.00,0
116.103.143.11:1020,1755020862,0.00,0
116.103.143.11:1020,1755020862,0.00,0
8.138.149.37:3333,1755020862,0.00,0
47.91.110.148:1000,1755020862,0.00,0
39.102.214.152:3128,1755020862,0.00,0
47.237.92.86:1080,1755020862,0.00,0
47.122.65.254:8008,1755020862,0.00,0
183.178.50.58:8080,1755020862,0.00,0
47.122.65.32:8008,1755020862,0.00,0
154.205.147.234:1081,1755020862,0.00,0
39.102.213.50:3129,1755020862,0.00,0
47.238.60.156:45,1755020862,0.00,0
116.98.187.95:1027,1755020862,0.00,0
38.172.128.173:8889,1755020862,0.00,0
47.108.159.113:9080,1755020862,0.00,0
47.122.57.58:8008,1755020862,0.00,0
103.48.70.105:82,1755020862,0.00,0
47.90.149.238:4145,1755020862,0.00,0
47.91.115.179:1000,1755020862,0.00,0
8.138.149.37:80,1755020862,0.00,0
39.102.213.3:9080,1755020862,0.00,0
183.80.23.147:16000,1755020862,0.00,0
190.237.238.7:999,1755020862,0.00,0
120.46.215.52:41890,1755020862,0.00,0
120.46.215.52:41890,1755020862,0.00,0
120.46.215.52:41890,1755020862,0.00,0
90.156.197.189:8080,1755020862,0.00,0
103.193.144.234:8080,1755020862,0.00,0
47.237.107.41:5060,1755020862,0.00,0
39.102.211.64:9098,1755020862,0.00,0
8.137.62.53:8008,1755020862,0.00,0
8.138.149.37:30001,1755020862,0.00,0
47.105.122.72:80,1755020862,0.00,0
103.196.40.11:8080,1755020862,0.00,0
47.104.28.135:9200,1755020862,0.00,0
47.90.149.238:31281,1755020862,0.00,0
203.95.196.29:8080,1755020862,0.00,0
47.90.149.238:3128,1755020862,0.00,0
85.235.150.219:3128,1755020862,0.00,0
54.37.72.89:80,1755020862,0.00,0
39.102.213.213:9080,1755020862,0.00,0
114.9.24.2:1452,1755020862,0.00,0
114.9.24.2:1452,1755020862,0.00,0
58.33.109.114:2021,1755020862,0.00,0
222.59.173.105:45108,1755020862,0.00,0
47.122.65.254:8080,1755020862,0.00,0
47.104.27.165:8081,1755020862,0.00,0
125.27.24.41:8080,1755020862,0.00,0
8.137.38.48:8080,1755020862,0.00,0
124.108.6.20:8085,1755020862,0.00,0
66.228.47.125:110,1755020862,0.00,0
103.216.49.233:8080,1755020862,0.00,0
222.59.173.105:45207,1755020862,0.00,0
222.59.173.105:45207,1755020862,0.00,0
39.102.213.3:3128,1755020862,0.00,0
47.104.27.165:80,1755020862,0.00,0
39.102.213.213:3128,1755020862,0.00,0
8.137.38.48:12000,1755020862,0.00,0
47.122.65.254:3128,1755020862,0.00,0
114.80.37.192:3081,1755020862,0.00,0
47.122.65.254:80,1755020862,0.00,0
47.238.60.156:8081,1755020862,0.00,0
47.238.60.156:100,1755020862,0.00,0
8.137.38.48:7890,1755020862,0.00,0
66.19.21.242:7878,1755020862,0.00,0
106.14.104.220:34567,1755020862,0.00,0
47.76.144.139:1081,1755020862,0.00,0
47.108.159.113:4006,1755020862,0.00,0
46.62.143.200:8006,1755020862,0.00,0
46.62.143.200:8006,1755020862,0.00,0
47.122.31.59:8081,1755020862,0.00,0
8.137.38.48:4000,1755020862,0.00,0
47.238.60.156:18081,1755020862,0.00,0
103.48.71.30:84,1755020862,0.00,0
120.26.52.35:8899,1755020862,0.00,0
39.102.214.152:10002,1755020862,0.00,0
38.44.243.32:999,1755020862,0.00,0
106.14.104.220:80,1755020862,0.00,0
120.26.52.35:3128,1755020862,0.00,0
115.72.15.14:10001,1755020862,0.00,0
115.72.15.14:10001,1755020862,0.00,0
38.156.75.179:8080,1755020862,0.00,0
38.156.75.179:8080,1755020862,0.00,0
38.183.212.8:999,1755020862,0.00,0
159.224.232.194:8888,1755020862,0.00,0
159.224.232.194:8888,1755020862,0.00,0
159.224.232.194:8888,1755020862,0.00,0
47.238.60.156:13,1755020862,0.00,0
39.104.59.56:3128,1755020862,0.00,0
121.43.154.123:8008,1755020862,0.00,0
114.80.36.254:3081,1755020862,0.00,0
115.72.44.82:10006,1755020862,0.00,0
115.72.44.82:10006,1755020862,0.00,0
47.237.107.41:55443,1755020862,0.00,0
120.26.104.146:8080,1755020862,0.00,0
154.205.147.234:3128,1755020862,0.00,0
43.252.238.222:8080,1755020862,0.00,0
154.205.147.234:15,1755020862,0.00,0
47.104.27.249:8080,1755020862,0.00,0
47.104.28.135:8888,1755020862,0.00,0
47.104.27.249:4006,1755020862,0.00,0
47.90.149.238:9098,1755020862,0.00,0
39.102.213.50:34567,1755020862,0.00,0
154.205.147.234:999,1755020862,0.00,0
154.205.147.234:8080,1755020862,0.00,0
198.49.68.80:80,1755020862,0.00,0
198.49.68.80:80,1755020862,0.00,0
47.237.107.41:82,1755020862,0.00,0
67.43.236.18:18041,1755020862,0.00,0
43.229.254.221:8181,1755020862,0.00,0
47.104.27.165:9098,1755020862,0.00,0
47.104.27.249:9098,1755020862,0.00,0
8.138.149.37:8080,1755020862,0.00,0
8.138.149.37:8889,1755020862,0.00,0
47.108.159.113:8443,1755020862,0.00,0
115.72.4.186:10002,1755020862,0.00,0
47.237.107.41:80,1755020862,0.00,0
47.104.28.135:20002,1755020862,0.00,0
120.26.104.146:9098,1755020862,0.00,0
47.90.149.238:6379,1755020862,0.00,0
8.137.62.53:9080,1755020862,0.00,0
47.90.149.238:3129,1755020862,0.00,0
38.183.182.17:999,1755020862,0.00,0
115.72.4.186:10003,1755020862,0.00,0
115.72.4.186:10003,1755020862,0.00,0
47.104.27.249:8008,1755020862,0.00,0
124.83.120.47:8081,1755020862,0.00,0
47.90.149.238:8080,1755020862,0.00,0
211.222.109.182:80,1755020862,0.00,0
8.137.62.53:9098,1755020862,0.00,0
47.108.159.113:18080,1755020862,0.00,0
154.205.147.234:20000,1755020862,0.00,0
47.91.110.148:4433,1755020862,0.00,0
121.43.154.123:8443,1755020862,0.00,0
47.104.27.249:3128,1755020862,0.00,0
8.137.62.53:8443,1755020862,0.00,0
38.65.174.107:999,1755020862,0.00,0
47.122.64.36:8081,1755020862,0.00,0
47.238.60.156:4002,1755020862,0.00,0
58.214.243.91:80,1755020862,0.00,0
203.96.226.154:8080,1755020862,0.00,0
47.104.27.249:18080,1755020862,0.00,0
39.102.213.213:8081,1755020862,0.00,0
43.230.129.53:3333,1755020862,0.00,0
154.205.147.234:6969,1755020862,0.00,0
47.122.65.254:8081,1755020862,0.00,0
121.43.154.123:8085,1755020862,0.00,0
39.102.213.50:3128,1755020862,0.00,0
47.90.149.238:111,1755020862,0.00,0
39.102.213.213:57114,1755020862,0.00,0
47.108.159.113:6379,1755020862,0.00,0
39.102.214.152:8443,1755020862,0.00,0
47.104.27.165:8080,1755020862,0.00,0
39.102.213.3:8888,1755020862,0.00,0
47.90.149.238:1036,1755020862,0.00,0
8.138.149.37:9098,1755020862,0.00,0
8.138.149.37:9080,1755020862,0.00,0
106.14.104.220:9080,1755020862,0.00,0
115.72.44.82:10007,1755020862,0.00,0
121.43.154.123:9098,1755020862,0.00,0
47.104.27.249:8001,1755020862,0.00,0
39.102.213.50:9098,1755020862,0.00,0
47.76.144.139:1080,1755020862,0.00,0
123.200.31.210:100,1755020862,0.00,0
154.205.147.234:9091,1755020862,0.00,0
106.14.104.220:8008,1755020862,0.00,0
39.102.214.152:8090,1755020862,0.00,0
39.102.213.3:8080,1755020862,0.00,0
103.68.214.135:8181,1755020862,0.00,0
47.122.64.36:9080,1755020862,0.00,0
47.122.64.36:9080,1755020862,0.00,0
47.74.46.81:18080,1755020862,0.00,0
47.238.60.156:3129,1755020862,0.00,0
8.137.38.48:18080,1755020862,0.00,0
154.205.147.234:20,1755020862,0.00,0
47.252.20.42:4145,1755020862,0.00,0
47.252.20.42:4145,1755020862,0.00,0
47.91.109.17:10,1755020862,0.00,0
47.91.115.179:31433,1755020862,0.00,0
8.138.82.6:3128,1755020862,0.00,0
8.138.82.6:3128,1755020862,0.00,0
8.130.36.163:80,1755020862,0.00,0
47.122.61.139:8080,1755020862,0.00,0
47.108.159.113:8081,1755020862,0.00,0
47.237.107.41:9090,1755020862,0.00,0
103.81.254.249:8080,1755020862,0.00,0
41.33.142.182:8081,1755020862,0.00,0
39.102.213.50:9080,1755020862,0.00,0
39.102.214.152:80,1755020862,0.00,0
154.205.147.234:1080,1755020862,0.00,0
47.122.65.32:8081,1755020862,0.00,0
47.237.107.41:1080,1755020862,0.00,0
39.102.213.50:8081,1755020862,0.00,0
39.102.214.152:9098,1755020862,0.00,0
47.104.27.249:8081,1755020862,0.00,0
154.205.147.234:8181,1755020862,0.00,0
47.238.60.156:88,1755020862,0.00,0
58.214.243.92:443,1755020862,0.00,0
39.102.213.50:3333,1755020862,0.00,0
39.102.214.152:8008,1755020862,0.00,0
39.102.214.152:3333,1755020862,0.00,0
47.90.149.238:8443,1755020862,0.00,0
47.91.110.148:1081,1755020862,0.00,0
47.90.149.238:9080,1755020862,0.00,0
186.96.50.113:999,1755020862,0.00,0
186.96.50.113:999,1755020862,0.00,0
47.90.149.238:80,1755020862,0.00,0
8.212.165.164:2080,1755020862,0.00,0
39.102.214.152:8081,1755020862,0.00,0
47.91.110.148:8081,1755020862,0.00,0
106.14.104.220:9098,1755020862,0.00,0
89.40.159.80:8080,1755020862,0.00,0
47.108.159.113:8008,1755020862,0.00,0
121.43.154.123:8080,1755020862,0.00,0
106.14.104.220:8081,1755020862,0.00,0
177.89.34.91:8080,1755020862,0.00,0
47.237.2.245:20000,1755020862,0.00,0
209.14.98.6:8080,1755020862,0.00,0
209.14.98.6:8080,1755020862,0.00,0
47.237.107.41:135,1755020862,0.00,0
39.102.213.3:8081,1755020862,0.00,0
115.147.39.54:8082,1755020862,0.00,0
47.91.115.179:8081,1755020862,0.00,0
41.59.90.168:80,1755020862,0.00,0
41.59.90.168:80,1755020862,0.00,0
106.14.104.220:5005,1755020862,0.00,0
47.108.159.113:3128,1755020862,0.00,0
115.72.4.186:10007,1755020862,0.00,0
47.122.62.83:9098,1755020862,0.00,0
47.90.149.238:9050,1755020862,0.00,0
39.102.214.152:9080,1755020862,0.00,0
8.137.62.53:8081,1755020862,0.00,0
121.43.154.123:9080,1755020862,0.00,0
47.91.110.148:4145,1755020862,0.00,0
124.105.61.253:8081,1755020862,0.00,0
47.238.60.156:6379,1755020862,0.00,0
47.122.62.83:8443,1755020862,0.00,0
39.102.213.213:8080,1755020862,0.00,0
47.104.27.165:8090,1755020862,0.00,0
8.137.38.48:8081,1755020862,0.00,0
47.122.65.32:8443,1755020862,0.00,0
118.71.132.44:1003,1755020862,0.00,0
154.205.147.234:3129,1755020862,0.00,0
47.91.110.148:1080,1755020862,0.00,0
47.104.27.165:3128,1755020862,0.00,0
47.90.149.238:41,1755020862,0.00,0
8.130.36.163:9098,1755020862,0.00,0
39.102.213.50:8089,1755020862,0.00,0
47.104.28.135:8080,1755020862,0.00,0
121.100.19.82:7088,1755020862,0.00,0
39.102.213.50:80,1755020862,0.00,0
47.104.27.249:80,1755020862,0.00,0
39.102.213.213:9098,1755020862,0.00,0
47.104.27.165:8008,1755020862,0.00,0
47.90.149.238:9090,1755020862,0.00,0
47.237.107.41:20,1755020862,0.00,0
39.102.213.213:80,1755020862,0.00,0
39.102.213.50:8443,1755020862,0.00,0
103.48.68.82:83,1755020862,0.00,0
46.35.9.110:80,1755020862,0.00,0
46.35.9.110:80,1755020862,0.00,0
39.104.59.56:8090,1755020862,0.00,0
115.79.70.69:8470,1755020862,0.00,0
115.79.70.69:8470,1755020862,0.00,0
138.197.112.162:80,1755020862,1.93,1
138.197.112.162:80,1755020862,1.11,1
139.162.78.109:8080,1755020862,0.00,0
158.255.212.55:9745,1755020862,0.00,0
158.255.212.55:10434,1755020862,0.00,0
158.255.212.55:7839,1755020862,0.00,0
158.255.212.55:3256,1755020862,0.00,0
158.255.212.55:5566,1755020862,0.00,0
118.178.197.213:3128,1755020862,0.00,0
3.149.235.212:3128,1755020862,0.00,0
47.113.221.120:3127,1755020862,0.00,0
47.113.221.120:3127,1755020862,0.00,0
3.142.201.147:1080,1755020862,0.00,0
3.92.167.74:1080,1755020862,0.00,0
3.147.60.235:3128,1755020862,0.00,0
3.101.58.175:3128,1755020862,0.00,0
47.109.102.214:6004,1755020862,0.00,0
39.105.27.30:3128,1755020862,0.00,0
51.15.228.52:8080,1755020862,0.00,0
185.17.153.178:8080,1755020862,0.00,0
70.36.101.157:60013,1755020862,0.00,0
52.47.169.231:3128,1755020862,0.00,0
220.88.5.106:80,1755020862,0.06,1
3.96.127.225:8082,1755020862,0.00,0
18.130.202.43:8080,1755020862,0.00,0
171.228.107.231:1007,1755020862,0.00,0
185.105.102.189:80,1755020862,0.00,0
185.105.102.179:80,1755020862,0.00,0
185.105.102.179:80,1755020862,0.00,0
51.16.245.198:3128,1755020862,0.00,0
198.23.189.151:8118,1755020862,0.00,0
77.110.114.19:8118,1755020862,0.00,0
119.3.113.151:9094,1755020862,0.00,0
119.3.113.151:9094,1755020862,0.00,0
51.84.57.154:3128,1755020862,0.00,0
51.20.103.83:8080,1755020862,0.00,0
54.151.103.251:1080,1755020862,0.00,0
183.215.23.242:9091,1755020862,0.00,0
183.215.23.242:9091,1755020862,0.00,0
85.133.240.75:8080,1755020862,0.00,0
3.99.190.32:3128,1755020862,0.00,0
98.130.85.46:3128,1755020862,0.00,0
16.28.61.56:3128,1755020862,0.00,0
52.15.161.54:3128,1755020862,0.00,0
103.120.146.11:8080,1755020862,0.00,1
103.120.146.11:8080,1755020862,0.00,1
52.15.161.54:56793,1755020862,0.00,0
182.155.254.159:80,1755020862,0.00,0
54.254.196.68:3128,1755020862,0.00,0
94.182.146.250:8080,1755020862,0.00,0
35.152.137.99:8089,1755020862,0.00,0
54.179.84.81:1080,1755020862,0.00,0
157.175.45.145:27927,1755020862,0.00,0
3.106.245.146:12286,1755020862,0.00,0
16.51.55.90:8085,1755020862,0.00,0
223.206.50.34:8080,1755020862,0.00,1
51.20.192.194:3128,1755020862,0.00,0
54.255.239.60:1024,1755020862,0.00,0
168.196.214.187:80,1755020862,0.00,0
13.212.81.49:1231,1755020862,0.00,0
54.180.135.57:8888,1755020862,0.00,0
118.47.179.203:80,1755020862,0.00,1
118.47.179.203:80,1755020862,0.00,1
27.79.149.233:16000,1755020862,0.00,0
5.161.133.32:80,1755020862,1.50,1
27.71.140.43:16000,1755020862,0.00,0
218.75.224.4:3309,1755020862,0.00,0
54.180.135.57:8082,1755020862,0.00,0
27.71.132.134:16000,1755020862,0.00,0
27.71.132.134:16000,1755020862,0.00,0
40.172.191.2:3128,1755020862,0.00,0
54.180.143.12:21142,1755020862,0.00,0
115.74.5.48:10009,1755020862,0.00,0
96.30.71.123:8081,1755020862,0.00,1
49.207.36.81:80,1755020862,0.00,0
91.241.241.60:9090,1755020862,0.00,0
154.19.184.154:80,1755020862,0.00,0
171.228.181.239:4001,1755020862,0.00,0
108.141.130.146:80,1755020862,0.42,1
108.141.130.146:80,1755020862,0.28,1
62.33.53.248:3128,1755020862,0.00,0
94.74.80.88:9090,1755020862,0.00,1
94.74.80.88:9090,1755020862,0.00,0
49.0.253.51:8888,1755020862,0.00,1
49.0.253.51:8888,1755020862,0.00,0
49.0.250.196:14265,1755020862,0.00,1
27.71.228.47:3128,1755020862,0.00,0
18.143.165.238:3128,1755020862,0.00,0
138.68.60.8:8080,1755020862,0.00,0
175.178.136.39:8080,1755020862,0.00,1
52.193.148.177:3128,1755020862,0.00,0
147.28.240.214:9400,1755020862,0.21,1
115.72.44.82:10010,1755020862,0.00,0
154.16.146.43:80,1755020862,0.19,1
154.16.146.43:80,1755020862,0.27,1
147.28.240.214:9443,1755020862,0.17,1
45.166.93.113:999,1755020862,0.17,1
90.162.35.34:80,1755020862,0.13,1
154.16.146.46:80,1755020862,0.12,1
154.16.146.45:80,1755020862,0.11,1
47.56.110.204:8989,1755020862,0.10,1
78.47.126.220:8888,1755020862,0.09,1
37.235.48.19:80,1755020862,0.09,1
37.235.48.19:80,1755020862,0.23,1
1.55.250.15:16000,1755020862,0.00,0
1.55.250.15:16000,1755020862,0.00,0
49.65.124.192:3128,1755020862,0.00,0
49.12.103.92:8006,1755020862,0.00,0
38.60.91.60:80,1755020862,0.00,0
47.109.83.196:80,1755020862,0.00,0
206.189.140.195:3128,1755020862,0.00,0
49.48.90.242:8080,1755020862,0.00,0
47.250.11.111:51,1755020862,0.00,0
170.130.202.134:3128,1755020862,0.00,0
8.220.136.174:8081,1755020862,0.00,0
39.102.211.162:8081,1755020862,0.00,0
202.146.230.102:8080,1755020862,0.00,0
103.184.167.66:8080,1755020862,0.00,0
200.10.30.18:999,1755020862,0.00,0
202.131.159.222:1111,1755020862,0.00,0
160.25.8.2:8080,1755020862,0.00,0
39.102.211.162:3128,1755020862,0.00,0
36.83.142.76:8081,1755020862,0.00,0
47.238.130.212:3129,1755020862,0.00,0
38.194.235.146:999,1755020862,0.00,0
49.229.100.235:8080,1755020862,0.00,0
149.86.142.239:8080,1755020862,0.00,0
38.172.128.172:8889,1755020862,0.00,0
47.252.20.42:11300,1755020862,0.00,0
177.234.211.175:999,1755020862,0.00,0
101.255.210.66:8090,1755020862,0.00,0
200.39.120.81:999,1755020862,0.00,0
38.183.146.77:8090,1755020862,0.00,0
45.168.49.2:8080,1755020862,0.00,0
57.128.188.167:8087,1755020862,0.00,0
143.255.147.242:8080,1755020862,0.00,0
115.127.31.66:8080,1755020862,0.00,0
115.127.31.66:8080,1755020862,0.00,0
164.163.222.225:9292,1755020862,0.00,0
115.147.8.120:8082,1755020862,0.00,0
47.238.130.212:8002,1755020862,0.00,0
223.17.51.108:80,1755020862,0.00,0
47.250.11.111:3129,1755020862,0.00,0
27.79.148.215:16000,1755020862,0.00,0
27.79.148.215:16000,1755020862,0.00,0
117.54.114.101:80,1755020862,0.00,0
47.122.60.73:8443,1755020862,0.00,0
103.111.136.58:8080,1755020862,0.00,0
47.250.11.111:41,1755020862,0.00,0
67.206.213.202:3120,1755020862,0.00,0
120.26.52.35:8081,1755020862,0.00,0
47.250.11.111:8080,1755020862,0.00,0
103.133.61.179:8095,1755020862,0.00,0
47.238.130.212:1081,1755020862,0.00,0
103.126.87.203:8081,1755020862,0.00,0
47.238.130.212:8443,1755020862,0.00,0
47.238.130.212:20000,1755020862,0.00,0
202.4.125.221:9999,1755020862,0.00,0
103.169.38.242:8080,1755020862,0.00,0
47.238.130.212:5060,1755020862,0.00,0
103.248.9.247:8080,1755020862,0.00,0
103.189.249.204:1111,1755020862,0.00,0
47.238.130.212:3128,1755020862,0.00,0
47.238.130.212:8008,1755020862,0.00,0
36.95.245.7:8090,1755020862,0.00,0
103.126.86.91:7777,1755020862,0.00,0
47.238.130.212:9080,1755020862,0.00,0
103.153.62.242:8181,1755020862,0.00,0
47.238.130.212:312,1755020862,0.00,0
209.121.164.51:31147,1755020862,0.00,0
209.121.164.50:31147,1755020862,0.00,0
212.127.95.235:8081,1755020862,0.00,0
83.168.72.172:8081,1755020862,0.00,0
83.168.72.172:8081,1755020862,0.00,0
222.59.173.105:45232,1755020862,0.00,0
222.59.173.105:45064,1755020862,0.00,0
49.12.103.92:8030,1755020862,0.00,0
222.59.173.105:45115,1755020862,0.00,0
222.59.173.105:45115,1755020862,0.00,0
222.59.173.105:45104,1755020862,0.00,0
222.59.173.105:45104,1755020862,0.00,0
222.59.173.105:45061,1755020862,0.00,0
222.59.173.105:45061,1755020862,0.00,0
102.132.36.145:8080,1755020862,0.00,0
102.132.36.145:8080,1755020862,0.00,0
222.59.173.105:45250,1755020862,0.00,0
222.59.173.105:45205,1755020862,0.00,0
49.12.103.92:8074,1755020862,0.00,0
47.251.43.115:33333,1755020862,0.00,0
47.251.43.115:33333,1755020862,0.00,0
185.162.60.46:8080,1755020862,0.00,0
222.59.173.105:45227,1755020862,0.00,0
49.12.103.92:8008,1755020862,0.00,0
203.95.199.7:8080,1755020862,0.00,0
203.95.199.7:8080,1755020862,0.00,0
103.188.169.95:8080,1755020862,0.00,0
49.12.103.92:8023,1755020862,0.00,0
222.59.173.105:45200,1755020862,0.00,0
157.180.121.252:41795,1755020862,0.00,0
147.75.66.235:80,1755020862,0.00,0
31.14.114.69:1081,1755020862,0.00,0
31.14.114.69:1081,1755020862,0.00,0
222.59.173.105:45192,1755020862,0.00,0
222.59.173.105:45192,1755020862,0.00,0
185.208.102.108:8080,1755020862,0.00,0
185.82.218.85:80,1755020862,0.00,0
185.82.218.85:80,1755020862,0.00,0
156.38.112.11:80,1755020862,0.00,0
115.74.5.48:10002,1755020862,0.00,0
222.59.173.105:45153,1755020862,0.00,0
222.59.173.105:45130,1755020862,0.00,0
222.59.173.105:45130,1755020862,0.00,0
223.135.156.183:8080,1755020862,0.00,0
222.59.173.105:45122,1755020862,0.00,0
46.39.105.157:8080,1755020862,0.00,0
46.39.105.157:8080,1755020862,0.00,0
49.12.103.92:8081,1755020862,0.00,0
222.59.173.105:45094,1755020862,0.00,0
49.12.103.92:8037,1755020862,0.00,0
159.75.113.2:3128,1755020862,0.00,0
222.59.173.105:45240,1755020862,0.00,0
103.171.183.146:7777,1755020862,0.00,0
222.59.173.105:45124,1755020862,0.00,0
49.12.103.92:8084,1755020862,0.00,0
23.247.136.254:80,1755020862,0.00,0
185.191.236.162:3128,1755020862,0.00,0
159.69.57.20:8880,1755020862,0.00,0
222.59.173.105:45148,1755020862,0.00,0
159.89.98.131:3128,1755020862,0.00,0
159.89.98.131:3128,1755020862,0.00,0
222.59.173.105:45090,1755020862,0.00,0
31.14.114.70:1081,1755020862,0.00,0
115.72.44.82:10008,1755020862,0.00,0
115.72.44.82:10008,1755020862,0.00,0
46.99.204.38:80,1755020862,0.00,1
49.236.189.199:21488,1755020862,0.01,1
8.140.235.207:9001,1755020862,0.00,0
47.92.239.69:1081,1755020862,0.00,0
65.108.203.36:18080,1755020862,0.00,0
116.98.187.72:1017,1755020862,0.00,0
196.1.93.16:80,1755020862,0.00,1
116.98.187.72:1016,1755020862,0.00,0
98.64.128.182:3128,1755020862,0.00,0
116.96.211.179:1007,1755020862,0.00,0
20.13.34.208:8118,1755020862,0.00,0
62.182.204.81:88,1755020862,0.00,0
5.45.126.128:8080,1755020862,0.00,0
83.168.74.163:8080,1755020862,0.00,0
47.56.110.204:8990,1755020862,0.00,0
109.194.34.246:8082,1755020862,0.00,0
47.74.157.194:80,1755020862,0.00,0
97.74.87.226:80,1755020862,0.00,0
103.216.50.206:8080,1755020862,0.00,1
67.43.228.250:18349,1755020862,0.00,0
185.41.152.110:3128,1755020862,0.00,0
103.173.72.97:1111,1755020862,0.00,1
85.117.56.157:8080,1755020862,0.00,1
78.157.57.71:3128,1755020862,0.00,0
171.228.181.239:1001,1755020862,0.00,0
185.14.47.247:80,1755020862,0.00,0
115.72.4.186:10005,1755020862,0.00,0
103.247.13.135:1111,1755020862,0.00,1
182.253.109.29:8080,1755020862,0.00,0
47.253.214.60:1604,1755020862,0.00,1
57.129.81.201:8080,1755020862,0.00,0
57.129.81.201:3128,1755020862,0.00,0
154.16.146.42:80,1755020862,0.20,1
171.237.60.177:10005,1755020862,0.00,0
23.247.136.248:80,1755020862,0.19,1
115.74.5.48:10003,1755020862,0.00,0
115.74.5.48:10001,1755020862,0.00,0
4.247.152.147:3128,1755020862,0.13,1
115.72.10.21:10003,1755020862,0.00,0
185.224.248.228:3128,1755020862,0.10,1
115.72.10.21:10005,1755020862,0.00,0
113.11.183.199:8080,1755020862,0.00,0
200.70.35.2:8080,1755020862,0.00,0
66.175.219.50:3228,1755020862,0.00,0
195.62.50.38:8080,1755020862,0.00,0
112.216.83.10:3128,1755020862,0.00,0
194.163.149.123:1111,1755020862,0.00,0
113.116.180.180:9000,1755020862,0.00,0
45.175.155.17:999,1755020862,0.00,0
118.45.2.136:80,1755020862,0.00,0
222.59.173.105:45189,1755020862,0.00,0
200.69.78.90:999,1755020862,0.00,0
103.202.226.75:8080,1755020862,0.00,0
223.206.32.219:8080,1755020862,0.00,0
39.129.25.66:8060,1755020862,0.00,0
103.167.156.25:8083,1755020862,0.00,0
222.59.173.105:45237,1755020862,0.00,0
222.59.173.105:45248,1755020862,0.00,0
188.125.167.247:8080,1755020862,0.00,0
186.65.106.90:2024,1755020862,0.00,0
190.119.90.114:8080,1755020862,0.00,0
148.101.147.189:8080,1755020862,0.00,0
41.65.55.2:1981,1755020862,0.00,0
103.122.64.201:8080,1755020862,0.00,0
37.238.40.153:8080,1755020862,0.00,0
103.172.42.177:1111,1755020862,0.00,0
41.74.91.244:80,1755020862,0.00,0
103.172.196.221:8080,1755020862,0.00,0
222.59.173.105:45053,1755020862,0.00,0
190.93.102.136:999,1755020862,0.00,0
202.145.10.251:8181,1755020862,0.00,0
176.88.175.216:8080,1755020862,0.00,0
80.78.75.80:8080,1755020862,0.00,0
45.182.176.38:9947,1755020862,0.00,0
47.83.192.255:8888,1755020862,0.00,0
31.14.114.72:1081,1755020862,0.00,0
185.238.72.222:53128,1755020862,0.00,0
45.70.202.160:999,1755020862,0.00,0
222.59.173.105:45027,1755020862,0.00,0
42.113.20.127:16000,1755020862,0.00,0
115.72.4.186:10001,1755020862,0.00,0
114.80.39.130:3081,1755020862,0.00,0
118.71.132.44:1002,1755020862,0.00,0
103.94.52.70:3128,1755020862,0.00,0
222.59.173.105:45012,1755020862,0.00,0
46.62.143.200:8030,1755020862,0.00,0
222.59.173.105:45001,1755020862,0.00,0
42.118.1.34:16000,1755020862,0.00,0
171.237.60.177:10002,1755020862,0.00,0
46.62.143.200:8074,1755020862,0.00,0
134.209.29.120:80,1755020862,0.00,0
223.16.170.103:80,1755020862,0.00,0
118.27.111.97:80,1755020862,0.00,0
209.14.98.5:8080,1755020862,0.00,0
222.59.173.105:45035,1755020862,0.00,0
198.176.56.41:80,1755020862,0.00,0
115.72.4.186:10010,1755020862,0.00,0
222.59.173.105:45106,1755020862,0.00,0
222.59.173.105:45021,1755020862,0.00,0
