Proxy,Timestamp,Score,Success
104.155.15.30:80,1755152243,0.03,1
104.155.15.30:80,1755152243,0.01,1
106.14.104.220:20000,1755152243,0.00,0
47.122.56.158:80,1755152243,0.00,0
47.122.56.158:80,1755152243,0.00,0
47.122.56.158:80,1755152243,0.00,0
47.122.56.158:80,1755152243,0.00,0
120.25.189.254:8080,1755152243,0.00,0
120.25.189.254:8080,1755152243,0.00,0
47.119.22.92:9080,1755152243,0.00,0
47.119.22.92:9080,1755152243,0.00,0
121.40.189.171:8000,1755152243,0.00,0
121.40.189.171:8000,1755152243,0.00,0
39.102.214.199:57114,1755152243,0.00,0
39.102.214.199:57114,1755152243,0.00,0
39.101.65.228:3129,1755152243,0.00,0
39.101.65.228:3129,1755152243,0.00,0
39.101.65.228:3129,1755152243,0.00,0
171.228.90.134:1007,1755152243,0.00,0
47.254.36.213:45,1755152243,0.00,1
47.254.36.213:45,1755152243,0.00,0
8.211.194.78:5060,1755152243,0.00,1
8.211.194.78:5060,1755152243,0.00,0
8.211.194.85:1081,1755152243,0.00,1
8.211.194.85:1081,1755152243,0.00,1
47.91.115.179:8081,1755152243,0.00,1
72.10.160.171:29715,1755152243,1.72,1
47.250.177.202:9080,1755152243,0.00,1
8.212.151.166:18081,1755152243,0.00,1
171.251.24.106:10001,1755152243,0.00,0
171.251.24.106:10001,1755152243,0.00,0
8.215.12.103:1080,1755152243,0.00,1
47.88.11.3:3129,1755152243,0.00,1
47.88.11.3:3129,1755152243,0.00,1
8.213.128.90:8083,1755152243,0.00,1
8.215.15.163:50,1755152243,0.00,0
47.254.36.213:199,1755152243,0.00,0
209.97.150.167:3128,1755152243,0.00,0
138.68.60.8:3128,1755152243,0.00,0
35.230.115.171:8080,1755152243,0.00,0
138.197.155.38:80,1755152243,2.52,1
138.197.155.38:80,1755152243,2.51,1
89.31.143.12:80,1755152243,0.09,1
37.120.189.106:80,1755152243,0.01,1
178.33.13.233:80,1755152243,0.00,1
46.175.148.17:2040,1755152243,0.00,0
136.175.9.84:8081,1755152243,0.00,0
136.175.9.84:8081,1755152243,2.54,1
136.175.9.82:8084,1755152243,0.00,0
136.175.9.84:8085,1755152243,0.00,0
136.175.9.82:8081,1755152243,0.00,0
213.136.87.65:80,1755152243,0.10,1
136.175.9.83:8086,1755152243,0.00,0
139.162.78.109:3128,1755152243,0.00,0
136.175.9.86:8081,1755152243,0.00,0
136.175.9.86:8081,1755152243,0.00,0
136.175.9.86:8084,1755152243,0.00,0
8.148.20.126:3128,1755152243,0.00,0
118.31.43.236:443,1755152243,0.00,0
42.112.22.6:80,1755152243,0.00,0
112.126.68.169:8384,1755152243,0.00,0
120.26.0.11:8880,1755152243,0.00,0
47.96.70.163:8082,1755152243,0.00,0
47.120.26.153:8888,1755152243,0.00,0
120.55.240.71:8647,1755152243,0.00,0
120.55.240.71:8647,1755152243,0.00,0
115.239.234.43:7302,1755152243,0.00,1
115.239.234.43:7302,1755152243,0.00,1
120.79.7.173:8085,1755152243,0.00,0
47.92.248.86:8080,1755152243,0.00,0
8.146.207.243:8888,1755152243,0.00,0
8.146.207.243:8888,1755152243,0.00,0
8.146.207.243:8888,1755152243,0.00,0
47.96.42.36:80,1755152243,0.00,0
47.96.42.36:80,1755152243,0.00,0
139.196.156.220:8888,1755152243,0.00,0
8.148.20.126:9098,1755152243,0.00,0
156.67.214.232:80,1755152243,0.01,1
59.110.139.72:9030,1755152243,0.00,0
120.24.184.67:9800,1755152243,0.00,0
16.163.88.228:80,1755152243,0.00,1
16.163.88.228:80,1755152243,0.00,1
39.101.161.223:8090,1755152243,0.00,0
120.79.21.48:808,1755152243,0.00,0
101.126.89.176:8082,1755152243,0.00,0
101.126.89.176:8082,1755152243,0.00,0
101.126.89.176:8082,1755152243,0.00,0
101.126.89.176:8082,1755152243,0.00,0
101.126.89.176:8082,1755152243,0.00,0
101.126.89.176:8082,1755152243,0.00,0
101.126.89.176:8082,1755152243,0.00,0
8.138.82.6:3128,1755152243,0.00,0
123.21.13.5:1003,1755152243,0.00,0
123.21.13.5:1006,1755152243,0.00,0
101.132.134.160:8888,1755152243,0.00,0
118.71.132.44:1003,1755152243,0.00,0
139.59.213.145:80,1755152243,0.24,1
139.59.213.145:80,1755152243,0.90,1
139.59.213.145:80,1755152243,0.74,1
211.198.78.200:80,1755152243,0.06,1
176.98.80.71:8080,1755152243,0.00,0
120.78.229.140:8000,1755152243,0.00,0
216.200.63.52:8080,1755152243,0.00,1
46.183.121.34:9999,1755152243,0.07,1
52.166.240.42:80,1755152243,0.00,0
52.166.240.42:80,1755152243,0.00,0
171.228.107.38:1007,1755152243,0.00,0
101.126.67.123:8082,1755152243,0.00,0
101.126.67.123:8082,1755152243,0.00,0
101.126.67.123:8082,1755152243,0.00,0
101.126.67.123:8082,1755152243,0.00,0
101.126.67.123:8082,1755152243,0.00,0
136.175.9.82:8083,1755152243,0.00,0
116.49.72.189:8888,1755152243,0.00,0
116.49.72.189:8888,1755152243,0.71,1
112.86.55.143:81,1755152243,0.00,0
8.152.204.59:8081,1755152243,0.00,0
178.128.55.239:8888,1755152243,0.00,1
41.92.157.70:8080,1755152243,0.00,0
103.63.190.84:8080,1755152243,0.00,0
202.154.18.129:8080,1755152243,0.01,1
202.154.18.129:8080,1755152243,0.02,1
72.10.160.171:15599,1755152243,0.00,0
116.102.206.233:8000,1755152243,0.00,0
116.102.206.233:8000,1755152243,0.00,0
47.97.121.189:1000,1755152243,0.00,0
216.10.253.97:80,1755152243,0.00,1
216.10.253.97:80,1755152243,0.00,1
136.175.9.83:8082,1755152243,0.00,0
85.117.56.151:8080,1755152243,0.00,1
85.117.56.151:8080,1755152243,0.00,1
85.117.56.151:8080,1755152243,0.00,1
39.108.88.42:80,1755152243,0.00,0
85.117.56.71:8080,1755152243,0.00,1
85.118.117.165:8080,1755152243,0.00,1
85.118.117.165:8080,1755152243,0.00,1
171.244.5.173:3129,1755152243,0.00,0
72.10.160.170:1385,1755152243,0.00,0
221.231.13.198:1080,1755152243,0.00,0
58.216.109.14:800,1755152243,0.00,0
103.118.44.203:8080,1755152243,0.00,0
43.128.87.252:80,1755152243,0.00,0
220.116.142.217:80,1755152243,0.00,0
58.216.109.17:800,1755152243,0.00,0
218.77.183.214:5224,1755152243,0.00,0
39.106.149.155:3128,1755152243,0.00,0
39.106.149.155:3128,1755152243,0.00,0
39.106.149.155:3128,1755152243,0.00,0
61.158.175.38:9002,1755152243,0.00,0
123.21.13.5:1001,1755152243,0.00,0
171.228.105.222:1008,1755152243,0.00,0
123.21.13.5:1002,1755152243,0.00,0
43.128.87.252:443,1755152243,0.00,0
43.128.87.252:443,1755152243,0.00,0
123.21.13.5:1010,1755152243,0.00,0
123.128.12.93:9055,1755152243,0.00,0
123.128.12.93:9055,1755152243,0.00,0
5.161.225.0:10000,1755152243,0.00,1
5.161.225.0:10000,1755152243,0.03,1
5.161.225.0:10000,1755152243,0.00,1
5.161.225.0:10000,1755152243,0.07,1
5.161.225.0:10000,1755152243,0.00,1
171.228.181.239:1001,1755152243,0.00,0
171.228.181.239:1001,1755152243,0.00,0
165.225.72.38:10801,1755152243,0.01,1
165.225.72.38:10801,1755152243,0.01,1
165.225.72.38:10801,1755152243,0.00,1
165.225.72.38:10801,1755152243,0.01,1
165.225.72.38:10801,1755152243,0.00,1
165.225.72.38:10801,1755152243,0.00,1
165.225.72.38:10801,1755152243,0.01,1
165.225.72.38:10801,1755152243,0.01,1
165.225.72.38:10801,1755152243,0.01,1
165.225.72.38:10801,1755152243,0.00,1
41.254.63.18:8080,1755152243,0.00,1
118.113.244.9:1080,1755152243,0.00,0
47.252.1.180:7302,1755152243,0.00,1
47.253.214.60:1604,1755152243,0.00,1
47.253.214.60:1604,1755152243,0.00,1
103.13.215.31:8083,1755152243,0.00,0
192.241.147.174:80,1755152243,0.34,1
103.79.131.70:13001,1755152243,0.00,0
47.252.27.174:8058,1755152243,0.00,1
47.88.29.108:4006,1755152243,0.00,1
47.254.158.115:8081,1755152243,0.00,1
47.254.158.115:8081,1755152243,0.00,1
47.254.153.78:8024,1755152243,0.00,1
47.254.153.78:8024,1755152243,0.00,1
47.91.95.174:9002,1755152243,0.00,1
78.188.152.209:1454,1755152243,0.02,1
78.188.152.209:1454,1755152243,0.08,1
124.71.157.181:8089,1755152243,0.00,1
121.37.207.154:6789,1755152243,0.00,1
49.0.246.130:443,1755152243,0.00,1
47.243.50.83:8082,1755152243,0.00,1
116.63.130.30:30001,1755152243,0.00,1
159.138.255.141:8080,1755152243,0.00,1
8.219.167.110:8082,1755152243,0.00,1
124.70.221.252:8499,1755152243,0.00,1
110.238.116.82:8015,1755152243,0.00,1
104.131.103.230:80,1755152243,0.29,1
104.131.103.230:80,1755152243,3.75,1
117.54.114.96:80,1755152243,0.00,0
154.16.146.47:80,1755152243,0.45,1
13.212.216.15:36749,1755152243,0.00,0
18.188.141.177:13,1755152243,0.00,0
180.103.19.191:1080,1755152243,0.00,0
111.3.102.207:30001,1755152243,0.00,0
111.3.102.207:30001,1755152243,0.00,0
94.130.222.73:1080,1755152243,0.33,1
31.14.114.76:1081,1755152243,0.00,0
116.98.187.72:1019,1755152243,0.00,0
103.70.93.77:8097,1755152243,0.00,1
103.70.93.77:8097,1755152243,0.00,1
103.70.93.77:8097,1755152243,0.00,1
103.70.93.77:8097,1755152243,0.00,1
103.70.93.77:8097,1755152243,0.00,1
103.70.93.77:8097,1755152243,0.00,1
103.70.93.77:8097,1755152243,0.00,1
103.70.93.77:8097,1755152243,0.00,1
67.43.228.250:14971,1755152243,0.00,0
47.252.20.42:4145,1755152243,0.00,1
171.228.88.93:1006,1755152243,0.00,0
59.37.18.243:3128,1755152243,0.00,0
8.219.43.134:8181,1755152243,0.00,1
151.236.23.137:80,1755152243,0.12,1
39.102.213.187:12000,1755152243,0.00,0
47.237.2.245:3128,1755152243,0.00,0
38.54.9.151:999,1755152243,0.00,0
39.104.57.33:3128,1755152243,0.00,0
8.219.229.53:6379,1755152243,0.00,0
8.219.229.53:6379,1755152243,0.00,1
47.76.144.139:1080,1755152243,0.00,0
39.102.214.152:10002,1755152243,0.00,0
8.219.229.53:8200,1755152243,0.00,0
8.137.38.48:7890,1755152243,0.00,0
8.137.38.48:7890,1755152243,0.00,0
117.54.114.35:80,1755152243,0.00,0
8.220.141.8:80,1755152243,0.00,0
8.211.51.115:1900,1755152243,0.00,0
8.130.36.163:8081,1755152243,0.00,0
8.130.36.163:8081,1755152243,0.00,0
47.250.159.65:4145,1755152243,0.00,0
47.109.110.100:8080,1755152243,0.00,0
170.239.205.185:999,1755152243,0.00,0
47.116.210.163:80,1755152243,0.00,0
8.213.222.247:30000,1755152243,0.00,0
47.238.60.156:2526,1755152243,0.00,0
47.119.22.156:3128,1755152243,0.00,0
47.119.22.156:3128,1755152243,0.00,0
39.102.211.64:5060,1755152243,0.00,0
103.148.49.197:8080,1755152243,0.00,0
8.211.195.139:100,1755152243,0.00,0
47.109.110.100:80,1755152243,0.00,0
47.109.110.100:80,1755152243,0.00,0
47.109.110.100:80,1755152243,0.00,0
47.109.110.100:80,1755152243,0.00,0
47.109.110.100:80,1755152243,0.00,0
47.109.110.100:80,1755152243,0.00,0
47.109.110.100:80,1755152243,0.00,0
47.92.194.235:8081,1755152243,0.00,0
47.92.194.235:8081,1755152243,0.00,0
121.43.154.123:8443,1755152243,0.00,0
8.212.165.164:51,1755152243,0.00,0
8.211.42.167:9098,1755152243,0.00,0
39.102.210.176:3128,1755152243,0.00,0
39.102.210.176:3128,1755152243,0.00,0
39.102.210.176:3128,1755152243,0.00,0
47.122.31.59:8080,1755152243,0.00,0
47.250.177.202:4022,1755152243,0.00,0
47.250.177.202:4022,1755152243,0.00,1
47.250.177.202:4022,1755152243,0.00,1
8.213.156.191:194,1755152243,0.00,0
8.213.156.191:194,1755152243,0.00,1
8.221.141.88:5631,1755152243,0.00,0
106.14.104.220:80,1755152243,0.00,0
8.213.197.208:9098,1755152243,0.00,0
8.221.141.88:144,1755152243,0.00,0
8.212.165.164:5094,1755152243,0.00,0
8.138.149.37:80,1755152243,0.00,0
121.43.109.88:80,1755152243,0.00,0
121.43.109.88:80,1755152243,0.00,0
47.116.126.57:8008,1755152243,0.00,0
47.116.181.146:10000,1755152243,0.00,0
8.213.128.90:8999,1755152243,0.00,0
47.122.31.238:8080,1755152243,0.00,0
47.122.5.165:8443,1755152243,0.00,0
47.119.164.33:8090,1755152243,0.00,0
8.221.141.88:8820,1755152243,0.00,0
47.250.155.254:5060,1755152243,0.00,0
39.102.211.162:8008,1755152243,0.00,0
39.102.211.162:8008,1755152243,0.00,0
47.251.73.54:9080,1755152243,0.00,0
39.102.208.236:10000,1755152243,0.00,0
39.102.208.236:10000,1755152243,0.00,0
8.215.12.103:9080,1755152243,0.00,0
149.129.226.9:9080,1755152243,0.00,0
47.91.110.148:1081,1755152243,0.00,0
47.91.110.148:1081,1755152243,0.00,0
47.116.181.146:12000,1755152243,0.00,0
120.26.104.146:9080,1755152243,0.00,0
8.211.195.173:4145,1755152243,0.00,0
8.211.195.173:4145,1755152243,0.00,1
47.89.159.212:3129,1755152243,0.00,0
8.210.17.35:4002,1755152243,0.00,0
8.210.17.35:4002,1755152243,0.00,1
39.102.210.222:8008,1755152243,0.00,0
101.200.158.109:8080,1755152243,0.00,0
8.221.139.222:9080,1755152243,0.00,0
8.213.129.15:8090,1755152243,0.00,0
106.14.91.83:9080,1755152243,0.00,0
106.14.91.83:9080,1755152243,0.00,0
47.119.22.156:80,1755152243,0.00,0
47.119.22.156:80,1755152243,0.00,0
47.119.22.92:8080,1755152243,0.00,0
39.104.59.56:9080,1755152243,0.00,0
47.116.126.57:9098,1755152243,0.00,0
47.116.126.57:9098,1755152243,0.00,0
47.116.126.57:9098,1755152243,0.00,0
47.116.126.57:9098,1755152243,0.00,0
47.116.126.57:9098,1755152243,0.00,0
8.220.136.174:20000,1755152243,0.00,0
47.122.61.139:1081,1755152243,0.00,0
47.122.61.139:1081,1755152243,0.00,0
39.102.208.149:80,1755152243,0.00,0
39.102.208.149:80,1755152243,0.00,0
47.122.31.238:8081,1755152243,0.00,0
47.76.144.139:6379,1755152243,0.00,0
8.215.12.103:8010,1755152243,0.00,0
8.213.129.15:5001,1755152243,0.00,0
8.213.129.15:5001,1755152243,0.00,1
47.122.56.158:6379,1755152243,0.00,0
8.211.195.139:9080,1755152243,0.00,0
39.104.23.154:80,1755152243,0.00,0
8.213.129.15:9091,1755152243,0.00,0
8.220.205.172:9000,1755152243,0.00,0
8.220.205.172:9000,1755152243,0.00,1
47.105.122.72:9080,1755152243,0.00,0
39.102.209.128:80,1755152243,0.00,0
39.104.16.201:9098,1755152243,0.00,0
47.91.109.17:91,1755152243,0.00,0
47.91.109.17:91,1755152243,0.00,1
154.205.147.234:15,1755152243,0.00,0
39.102.213.213:57114,1755152243,0.00,0
39.102.213.213:57114,1755152243,0.00,0
8.138.149.37:9098,1755152243,0.00,0
8.213.137.155:135,1755152243,0.00,0
47.91.29.151:33427,1755152243,0.00,0
47.250.11.111:102,1755152243,0.00,0
47.250.11.111:102,1755152243,0.00,1
47.237.92.86:80,1755152243,0.00,0
47.237.92.86:80,1755152243,0.00,1
39.102.214.208:8081,1755152243,0.00,0
47.237.113.119:1081,1755152243,0.00,0
47.92.194.235:9098,1755152243,0.00,0
47.99.112.148:4006,1755152243,0.00,0
47.252.11.233:3129,1755152243,0.00,0
47.252.11.233:3129,1755152243,0.00,0
47.252.11.233:3129,1755152243,0.00,1
39.102.208.189:8080,1755152243,0.00,0
39.102.208.189:8080,1755152243,0.00,0
39.102.208.189:8080,1755152243,0.00,0
39.102.208.189:8080,1755152243,0.00,0
39.102.208.189:8080,1755152243,0.00,0
47.76.144.139:1081,1755152243,0.00,0
8.212.151.166:1234,1755152243,0.00,0
8.212.151.166:1234,1755152243,0.00,1
47.122.31.59:8081,1755152243,0.00,0
47.122.31.59:8081,1755152243,0.00,0
47.122.65.254:3128,1755152243,0.00,0
47.122.65.254:3128,1755152243,0.00,0
8.220.136.174:9002,1755152243,0.00,0
47.104.27.165:3128,1755152243,0.00,0
47.104.27.165:3128,1755152243,0.00,0
47.104.27.165:3128,1755152243,0.00,0
47.104.27.165:3128,1755152243,0.00,0
47.104.27.249:8008,1755152243,0.00,0
47.104.27.249:8008,1755152243,0.00,0
8.211.51.115:3129,1755152243,0.00,0
8.211.195.173:8443,1755152243,0.00,0
8.211.195.173:8443,1755152243,0.00,1
47.238.134.126:8443,1755152243,0.00,0
47.238.134.126:8443,1755152243,0.00,1
8.221.138.111:6379,1755152243,0.00,0
47.121.133.212:8081,1755152243,0.00,0
47.109.83.196:8888,1755152243,0.00,0
149.129.255.179:8081,1755152243,0.00,0
149.129.255.179:8081,1755152243,0.00,1
47.122.31.59:3128,1755152243,0.00,0
47.252.18.37:10002,1755152243,0.00,0
47.252.18.37:10002,1755152243,0.00,1
101.255.169.57:8080,1755152243,0.00,0
8.211.200.183:80,1755152243,0.00,0
8.212.151.166:8081,1755152243,0.00,0
8.213.222.247:77,1755152243,0.00,0
39.104.59.56:8089,1755152243,0.00,0
47.122.61.139:9098,1755152243,0.00,0
8.219.229.53:176,1755152243,0.00,0
8.219.229.53:176,1755152243,0.00,1
47.91.115.179:3128,1755152243,0.00,0
47.119.20.8:8080,1755152243,0.00,0
39.104.23.154:9080,1755152243,0.00,0
8.211.194.78:5671,1755152243,0.00,0
39.102.209.128:9080,1755152243,0.00,0
8.209.96.245:3128,1755152243,0.00,0
47.122.64.36:8888,1755152243,0.00,0
8.211.200.183:84,1755152243,0.00,0
101.44.68.186:3128,1755152243,0.00,0
39.104.27.89:8081,1755152243,0.00,0
47.91.110.148:1080,1755152243,0.00,0
8.213.134.213:3333,1755152243,0.00,0
191.101.190.207:8080,1755152243,0.00,0
47.252.18.37:8834,1755152243,0.00,0
8.215.15.163:8008,1755152243,0.00,0
38.54.9.151:20000,1755152243,0.00,0
39.102.213.50:9080,1755152243,0.00,0
8.215.3.250:19,1755152243,0.00,0
8.215.3.250:19,1755152243,0.00,1
47.122.65.32:8443,1755152243,0.00,0
47.122.65.32:8443,1755152243,0.00,0
47.122.65.32:8443,1755152243,0.00,0
47.122.65.32:8443,1755152243,0.00,0
47.122.65.32:8443,1755152243,0.00,0
47.122.65.32:8443,1755152243,0.00,0
47.122.65.32:8443,1755152243,0.00,0
115.74.0.19:10001,1755152243,0.00,0
47.122.65.32:8008,1755152243,0.00,0
103.174.236.88:8080,1755152243,0.00,0
47.122.65.254:80,1755152243,0.00,0
8.212.168.170:102,1755152243,0.00,0
8.212.168.170:102,1755152243,0.00,1
39.102.209.163:8000,1755152243,0.00,0
47.254.36.213:8081,1755152243,0.00,0
47.254.36.213:8081,1755152243,0.00,0
47.254.36.213:8081,1755152243,0.00,1
8.211.51.115:8080,1755152243,0.00,0
8.211.51.115:8080,1755152243,0.00,0
8.211.51.115:8080,1755152243,0.00,1
8.211.51.115:8080,1755152243,0.00,1
8.211.51.115:8080,1755152243,0.00,0
47.92.143.92:9098,1755152243,0.00,0
47.121.133.212:3128,1755152243,0.00,0
47.250.177.202:1720,1755152243,0.00,0
8.220.205.172:12000,1755152243,0.00,0
47.238.130.212:8888,1755152243,0.00,0
47.120.0.231:1081,1755152243,0.00,0
47.119.22.156:8081,1755152243,0.00,0
47.238.134.126:8083,1755152243,0.00,0
120.26.104.146:8081,1755152243,0.00,0
120.26.104.146:8081,1755152243,0.00,0
120.26.104.146:8081,1755152243,0.00,0
179.1.201.140:9992,1755152243,0.00,0
149.129.226.9:20,1755152243,0.00,0
149.129.226.9:20,1755152243,0.00,1
47.91.89.3:80,1755152243,0.00,0
39.102.214.208:8443,1755152243,0.00,0
8.209.96.245:9098,1755152243,0.00,0
8.137.38.48:8081,1755152243,0.00,0
47.104.27.249:8081,1755152243,0.00,0
39.104.69.76:8080,1755152243,0.00,0
47.90.167.27:8060,1755152243,0.00,0
170.64.149.240:3128,1755152243,0.00,0
47.122.62.83:1081,1755152243,0.00,0
39.101.65.228:999,1755152243,0.00,0
39.102.213.187:41890,1755152243,0.00,0
39.102.213.187:41890,1755152243,0.00,0
121.43.109.88:1111,1755152243,0.00,0
47.104.198.111:9080,1755152243,0.00,0
8.138.149.37:8080,1755152243,0.00,0
47.91.115.179:1000,1755152243,0.00,0
39.101.65.228:808,1755152243,0.00,0
39.101.65.228:808,1755152243,0.00,0
103.154.77.35:7070,1755152243,0.00,0
103.154.77.35:7070,1755152243,0.77,1
103.154.77.35:7070,1755152243,0.00,0
103.154.77.35:7070,1755152243,0.71,1
103.154.77.35:7070,1755152243,0.00,0
103.154.77.35:7070,1755152243,0.46,1
47.251.74.38:1000,1755152243,0.00,0
47.121.183.107:9098,1755152243,0.00,0
8.130.36.163:8008,1755152243,0.00,0
8.130.36.163:8008,1755152243,0.00,0
47.91.109.17:10,1755152243,0.00,0
106.14.104.220:5060,1755152243,0.00,0
47.250.155.254:8888,1755152243,0.00,0
8.213.134.213:4145,1755152243,0.00,0
8.213.134.213:4145,1755152243,0.00,0
47.116.210.163:8080,1755152243,0.00,0
121.43.154.123:8080,1755152243,0.00,0
47.91.110.148:4433,1755152243,0.00,0
47.91.110.148:4433,1755152243,0.00,1
101.200.158.109:8008,1755152243,0.00,0
103.153.246.54:8181,1755152243,0.00,0
39.100.88.89:9080,1755152243,0.00,0
39.100.88.89:9080,1755152243,0.00,0
39.100.88.89:9080,1755152243,0.00,0
39.100.88.89:9080,1755152243,0.00,0
8.211.42.167:25565,1755152243,0.00,0
120.25.189.254:3129,1755152243,0.00,0
120.25.189.254:3129,1755152243,0.00,0
8.220.204.215:808,1755152243,0.00,0
8.212.168.170:4431,1755152243,0.00,0
8.212.168.170:4431,1755152243,0.00,1
45.238.220.1:8181,1755152243,0.00,0
47.108.159.113:8081,1755152243,0.00,0
47.250.155.254:10002,1755152243,0.00,0
8.215.15.163:8088,1755152243,0.00,0
39.102.213.3:8081,1755152243,0.00,0
39.102.213.3:8081,1755152243,0.00,0
8.221.139.222:8108,1755152243,0.00,0
47.91.109.17:45,1755152243,0.00,0
47.91.109.17:45,1755152243,0.00,1
103.122.64.201:8080,1755152243,0.00,0
39.102.208.236:9098,1755152243,0.00,0
47.237.113.119:8081,1755152243,0.00,0
47.237.113.119:8081,1755152243,0.00,1
47.237.113.119:8081,1755152243,0.00,0
8.220.204.92:12000,1755152243,0.00,0
38.224.97.12:999,1755152243,0.00,0
47.122.65.32:8081,1755152243,0.00,0
47.122.65.32:8081,1755152243,0.00,0
47.122.65.32:8081,1755152243,0.00,0
8.221.138.111:100,1755152243,0.00,0
8.221.138.111:100,1755152243,0.00,1
8.221.138.111:100,1755152243,0.00,1
8.221.138.111:100,1755152243,0.00,1
8.221.138.111:100,1755152243,0.00,1
156.244.0.116:4444,1755152243,0.00,0
8.211.42.167:3128,1755152243,0.00,0
8.211.42.167:3128,1755152243,0.00,0
39.102.210.176:2022,1755152243,0.00,0
47.122.62.83:8443,1755152243,0.00,0
39.102.208.23:8081,1755152243,0.00,0
120.26.52.35:8899,1755152243,0.00,0
8.213.137.155:636,1755152243,0.00,0
39.102.213.50:80,1755152243,0.00,0
47.121.182.36:8008,1755152243,0.00,0
179.42.6.24:3128,1755152243,0.00,0
47.254.36.213:999,1755152243,0.00,0
39.102.213.213:3128,1755152243,0.00,0
47.122.5.165:4006,1755152243,0.00,0
47.251.87.199:45,1755152243,0.00,0
47.251.87.199:45,1755152243,0.00,0
47.251.74.38:8888,1755152243,0.00,0
47.251.74.38:8888,1755152243,0.00,1
47.116.126.57:8081,1755152243,0.00,0
121.43.146.222:6666,1755152243,0.00,0
39.101.65.228:7890,1755152243,0.00,0
39.101.65.228:7890,1755152243,0.00,0
39.101.65.228:7890,1755152243,0.00,0
36.37.180.40:8080,1755152243,0.00,0
47.122.61.139:8080,1755152243,0.00,0
47.122.61.139:8080,1755152243,0.00,0
47.122.61.139:8080,1755152243,0.00,0
47.122.61.139:8080,1755152243,0.00,0
47.122.61.139:8080,1755152243,0.00,0
47.122.61.139:8080,1755152243,0.00,0
47.90.149.238:3129,1755152243,0.00,0
156.244.0.116:20,1755152243,0.00,0
156.244.0.116:20,1755152243,0.00,0
156.244.0.116:20,1755152243,0.00,1
156.244.0.116:20,1755152243,0.00,1
156.244.0.116:20,1755152243,0.00,0
47.251.73.54:80,1755152243,0.00,0
47.251.73.54:80,1755152243,0.00,1
47.251.73.54:80,1755152243,0.00,0
8.137.62.53:9080,1755152243,0.00,0
8.137.62.53:9080,1755152243,0.00,0
8.137.62.53:9080,1755152243,0.00,0
8.137.62.53:9080,1755152243,0.00,0
8.137.62.53:9080,1755152243,0.00,0
8.137.62.53:9080,1755152243,0.00,0
8.137.62.53:9080,1755152243,0.00,0
8.220.136.174:20002,1755152243,0.00,0
8.220.136.174:20002,1755152243,0.00,1
8.221.138.111:4002,1755152243,0.00,0
8.210.17.35:9080,1755152243,0.00,0
47.105.122.72:3128,1755152243,0.00,0
38.224.223.246:999,1755152243,0.00,0
117.54.114.100:80,1755152243,0.00,0
117.54.114.100:80,1755152243,0.00,0
154.205.147.234:1081,1755152243,0.00,0
114.215.127.92:8081,1755152243,0.00,0
39.102.208.149:8080,1755152243,0.00,0
39.102.208.149:8080,1755152243,0.00,0
47.119.19.221:80,1755152243,0.00,0
47.250.51.110:8081,1755152243,0.00,0
47.250.51.110:8081,1755152243,0.00,0
47.251.87.74:3129,1755152243,0.00,0
47.251.87.74:3129,1755152243,0.00,1
47.251.87.74:3129,1755152243,0.00,0
39.102.208.149:5060,1755152243,0.00,0
8.220.204.215:9200,1755152243,0.00,0
8.213.137.155:1081,1755152243,0.00,0
39.102.210.222:1111,1755152243,0.00,0
8.137.38.48:4000,1755152243,0.00,0
39.102.213.187:10000,1755152243,0.00,0
47.105.122.72:808,1755152243,0.00,0
106.14.91.83:9098,1755152243,0.00,0
47.119.20.8:9080,1755152243,0.00,0
47.119.20.8:9080,1755152243,0.00,0
39.104.16.201:8443,1755152243,0.00,0
39.104.16.201:8443,1755152243,0.00,0
39.104.16.201:8443,1755152243,0.00,0
39.104.16.201:8443,1755152243,0.00,0
39.104.16.201:8443,1755152243,0.00,0
39.104.16.201:8443,1755152243,0.00,0
47.104.28.135:3128,1755152243,0.00,0
47.74.46.81:4002,1755152243,0.00,0
39.104.59.56:3128,1755152243,0.00,0
47.237.113.119:4145,1755152243,0.00,0
39.102.214.152:8443,1755152243,0.00,0
120.26.104.146:8080,1755152243,0.00,0
120.26.104.146:8080,1755152243,0.00,0
120.26.104.146:8080,1755152243,0.00,0
120.26.104.146:8080,1755152243,0.00,0
120.26.104.146:8080,1755152243,0.00,0
120.26.104.146:8080,1755152243,0.00,0
47.119.20.8:8081,1755152243,0.00,0
8.221.139.222:666,1755152243,0.00,0
47.121.182.36:80,1755152243,0.00,0
47.121.182.36:80,1755152243,0.00,0
114.215.127.92:9080,1755152243,0.00,0
114.215.127.92:9080,1755152243,0.00,0
47.92.194.235:8008,1755152243,0.00,0
8.211.49.86:3128,1755152243,0.00,0
8.211.49.86:3128,1755152243,0.00,0
39.102.208.23:9080,1755152243,0.00,0
47.237.92.86:8081,1755152243,0.00,0
47.237.92.86:10,1755152243,0.00,0
47.91.121.127:80,1755152243,0.00,0
39.104.57.33:9080,1755152243,0.00,0
39.104.16.201:8081,1755152243,0.00,0
8.212.168.170:8443,1755152243,0.00,0
39.102.213.3:3128,1755152243,0.00,0
39.102.213.3:3128,1755152243,0.00,0
39.102.213.3:3128,1755152243,0.00,0
47.122.60.157:3128,1755152243,0.00,0
47.122.60.157:10000,1755152243,0.00,0
8.220.141.8:13,1755152243,0.00,0
8.220.141.8:13,1755152243,0.00,1
47.121.182.88:8443,1755152243,0.00,0
47.121.182.88:8443,1755152243,0.00,0
47.74.46.81:9098,1755152243,0.00,0
47.251.87.199:4443,1755152243,0.00,0
47.251.87.199:4443,1755152243,0.00,0
47.238.130.212:8080,1755152243,0.00,0
47.238.130.212:8080,1755152243,0.00,1
47.122.57.58:3128,1755152243,0.00,0
47.104.28.135:9080,1755152243,0.00,0
47.108.159.113:80,1755152243,0.00,0
8.213.197.208:1081,1755152243,0.00,0
47.116.210.163:8443,1755152243,0.00,0
106.14.104.220:5005,1755152243,0.00,0
39.102.213.50:8081,1755152243,0.00,0
47.251.87.74:1081,1755152243,0.00,0
47.251.87.74:1081,1755152243,0.00,0
47.251.87.74:1081,1755152243,0.00,1
39.104.27.89:9098,1755152243,0.00,0
39.104.27.89:9098,1755152243,0.00,0
39.104.27.89:9098,1755152243,0.00,0
47.237.2.245:20000,1755152243,0.00,0
47.92.219.102:8888,1755152243,0.00,0
149.129.255.179:8443,1755152243,0.00,0
149.129.255.179:8443,1755152243,0.00,1
149.129.255.179:8443,1755152243,0.00,1
149.129.255.179:8443,1755152243,0.00,0
149.129.255.179:8443,1755152243,0.00,1
47.104.27.165:8081,1755152243,0.00,0
36.89.212.254:8080,1755152243,0.00,0
156.244.11.6:4145,1755152243,0.00,0
106.14.91.83:8081,1755152243,0.00,0
39.102.209.121:8008,1755152243,0.00,0
8.213.128.6:7657,1755152243,0.00,0
39.104.69.76:9080,1755152243,0.00,0
39.102.213.213:8089,1755152243,0.00,0
47.120.0.231:9080,1755152243,0.00,0
47.92.152.43:12000,1755152243,0.00,0
47.92.152.43:12000,1755152243,0.00,0
39.102.214.199:41890,1755152243,0.00,0
103.52.115.171:3128,1755152243,0.00,0
149.129.226.9:1080,1755152243,0.00,0
149.129.226.9:1080,1755152243,0.00,1
39.102.210.222:9080,1755152243,0.00,0
8.211.200.183:9080,1755152243,0.00,0
47.104.198.111:8080,1755152243,0.00,0
47.104.198.111:8080,1755152243,0.00,0
39.102.208.236:80,1755152243,0.00,0
8.213.156.191:30000,1755152243,0.00,0
47.251.73.54:8081,1755152243,0.00,0
8.211.194.85:9999,1755152243,0.00,0
156.244.11.6:111,1755152243,0.00,0
8.213.215.187:202,1755152243,0.00,0
8.211.49.86:8081,1755152243,0.00,0
107.6.7.232:3128,1755152243,0.00,0
84.244.119.36:23500,1755152243,0.00,0
8.220.204.92:4145,1755152243,0.00,0
39.102.209.163:80,1755152243,0.00,0
39.102.209.163:80,1755152243,0.00,0
47.120.0.231:8080,1755152243,0.00,0
47.122.31.238:80,1755152243,0.00,0
47.122.31.238:80,1755152243,0.00,0
47.252.18.37:8081,1755152243,0.00,0
47.252.18.37:8081,1755152243,0.00,1
8.213.128.6:6000,1755152243,0.00,0
8.213.128.6:6000,1755152243,0.00,1
103.234.124.183:7777,1755152243,0.00,0
39.102.214.152:80,1755152243,0.00,0
39.102.211.64:3128,1755152243,0.00,0
39.102.211.64:3128,1755152243,0.00,0
47.119.22.92:10000,1755152243,0.00,0
8.209.96.245:8080,1755152243,0.00,0
47.237.107.41:443,1755152243,0.00,0
47.121.183.107:8081,1755152243,0.00,0
149.129.255.179:77,1755152243,0.00,0
47.104.27.249:18080,1755152243,0.00,0
47.91.121.127:20000,1755152243,0.00,0
8.215.15.163:6379,1755152243,0.00,0
8.215.15.163:6379,1755152243,0.00,1
8.215.15.163:6379,1755152243,0.00,1
47.251.74.38:5060,1755152243,0.00,0
47.251.87.74:80,1755152243,0.00,0
47.251.87.74:80,1755152243,0.00,1
47.109.110.100:8089,1755152243,0.00,0
47.92.82.167:7890,1755152243,0.00,0
47.92.82.167:7890,1755152243,0.00,0
39.102.208.23:3128,1755152243,0.00,0
47.122.56.158:9080,1755152243,0.00,0
47.238.134.126:18080,1755152243,0.00,0
47.238.134.126:18080,1755152243,0.00,1
39.102.209.121:31281,1755152243,0.00,0
39.102.209.121:31281,1755152243,0.00,0
39.102.209.121:31281,1755152243,0.00,0
8.211.194.78:8888,1755152243,0.00,0
8.211.194.78:8888,1755152243,0.00,1
8.137.62.53:9098,1755152243,0.00,0
47.122.5.165:9080,1755152243,0.00,0
47.122.5.165:9080,1755152243,0.00,0
47.121.182.88:8081,1755152243,0.00,0
47.250.177.202:8443,1755152243,0.00,0
47.91.115.179:1081,1755152243,0.00,0
47.91.115.179:1081,1755152243,0.00,1
39.102.211.162:10002,1755152243,0.00,0
39.102.211.162:10002,1755152243,0.00,0
8.137.62.53:8081,1755152243,0.00,0
8.213.134.213:55443,1755152243,0.00,0
8.213.134.213:55443,1755152243,0.00,0
38.54.9.151:3128,1755152243,0.00,0
103.19.59.218:2134,1755152243,0.00,0
8.210.17.35:8443,1755152243,0.00,0
64.110.82.7:8080,1755152243,0.09,1
47.91.120.190:8081,1755152243,0.00,0
47.91.120.190:8081,1755152243,0.00,1
47.91.120.190:8081,1755152243,0.00,1
47.91.120.190:8081,1755152243,0.00,0
8.213.222.157:8999,1755152243,0.00,0
47.250.11.111:3128,1755152243,0.00,0
39.104.69.76:8081,1755152243,0.00,0
47.104.27.165:8443,1755152243,0.00,0
47.252.11.233:8443,1755152243,0.00,0
47.119.19.221:8081,1755152243,0.00,0
47.250.51.110:13,1755152243,0.00,0
47.250.51.110:13,1755152243,0.00,1
8.215.3.250:6379,1755152243,0.00,0
123.141.181.3:5031,1755152243,0.00,0
103.63.190.165:8080,1755152243,0.00,0
8.220.141.8:999,1755152243,0.00,0
47.251.87.199:2083,1755152243,0.00,0
47.251.87.199:2083,1755152243,0.00,0
152.53.168.53:48343,1755152243,0.00,0
152.53.168.53:52771,1755152243,0.00,0
115.72.10.21:10009,1755152243,0.00,0
5.250.183.76:3128,1755152243,0.00,0
39.102.214.208:9098,1755152243,0.00,0
39.102.214.208:9098,1755152243,0.00,0
152.53.168.53:58841,1755152243,0.00,0
47.109.83.196:45554,1755152243,0.00,0
39.104.27.89:8004,1755152243,0.00,0
47.108.159.113:4006,1755152243,0.00,0
8.215.12.103:8445,1755152243,0.00,0
8.215.12.103:8445,1755152243,0.00,1
8.213.156.191:10000,1755152243,0.00,0
47.119.164.33:9080,1755152243,0.00,0
47.119.164.33:9080,1755152243,0.00,0
39.104.23.154:8081,1755152243,0.00,0
152.53.168.53:18807,1755152243,0.00,0
62.171.161.88:2018,1755152243,0.00,0
152.53.168.53:57059,1755152243,0.00,0
39.104.57.33:80,1755152243,0.00,0
39.104.57.33:80,1755152243,0.00,0
39.104.57.33:80,1755152243,0.00,0
47.121.133.212:8008,1755152243,0.00,0
39.102.214.199:7777,1755152243,0.00,0
39.102.214.199:7777,1755152243,0.00,0
154.205.147.234:20000,1755152243,0.00,0
154.205.147.234:20000,1755152243,0.00,1
51.161.56.52:80,1755152243,0.00,0
47.250.159.65:2002,1755152243,0.00,0
47.89.159.212:31281,1755152243,0.00,0
83.212.82.185:3128,1755152243,0.00,0
8.130.36.163:80,1755152243,0.00,0
47.119.19.221:8080,1755152243,0.00,0
47.119.19.221:8080,1755152243,0.00,0
121.43.109.88:8080,1755152243,0.00,0
157.180.121.252:37525,1755152243,0.00,0
3.79.73.102:8080,1755152243,0.00,0
8.213.197.208:8008,1755152243,0.00,0
39.102.208.189:3128,1755152243,0.00,0
39.102.208.189:3128,1755152243,0.00,0
72.10.164.178:31249,1755152243,0.00,0
152.53.168.53:30691,1755152243,0.00,0
39.102.209.128:8089,1755152243,0.00,0
39.102.209.128:8089,1755152243,0.00,0
47.121.183.107:80,1755152243,0.00,0
101.200.158.109:9200,1755152243,0.00,0
47.252.11.233:9080,1755152243,0.00,0
8.220.204.215:30001,1755152243,0.00,0
8.220.204.215:30001,1755152243,0.00,1
39.102.209.121:9098,1755152243,0.00,0
39.102.209.121:9098,1755152243,0.00,0
39.102.209.163:8008,1755152243,0.00,0
173.209.63.69:8024,1755152243,0.00,0
47.90.167.27:1000,1755152243,0.00,0
136.175.9.86:8085,1755152243,0.00,0
106.251.66.243:51034,1755152243,0.00,0
123.141.181.25:5031,1755152243,0.00,0
152.53.168.53:43055,1755152243,0.00,0
203.95.198.114:8080,1755152243,0.00,0
152.53.168.53:47240,1755152243,0.00,0
152.53.168.53:26605,1755152243,0.00,0
152.53.168.53:26605,1755152243,0.00,0
104.225.150.168:8081,1755152243,0.00,0
152.53.168.53:32379,1755152243,0.00,0
103.217.217.190:8080,1755152243,0.00,0
152.53.168.53:49093,1755152243,0.00,0
181.205.39.235:8080,1755152243,0.00,0
157.180.121.252:50936,1755152243,0.00,0
78.80.228.150:80,1755152243,0.00,0
67.43.236.21:1067,1755152243,0.00,0
203.95.198.167:8080,1755152243,0.00,0
121.37.207.154:8002,1755152243,0.00,0
152.53.168.53:11947,1755152243,0.00,0
201.174.239.25:8080,1755152243,0.00,0
201.174.239.25:8080,1755152243,0.00,0
201.174.239.25:8080,1755152243,0.00,0
113.45.158.25:3128,1755152243,0.00,0
154.16.146.48:80,1755152243,0.00,0
38.211.24.26:8090,1755152243,0.00,0
39.102.208.189:9098,1755152243,0.00,0
47.90.167.27:3128,1755152243,0.00,0
47.90.167.27:3128,1755152243,0.00,1
47.90.149.238:1036,1755152243,0.00,0
47.104.198.111:3128,1755152243,0.00,0
103.168.148.129:8080,1755152243,0.00,0
47.92.219.102:6379,1755152243,0.00,0
47.92.219.102:6379,1755152243,0.00,0
47.237.2.245:8083,1755152243,0.00,0
47.237.2.245:8083,1755152243,0.00,0
47.250.159.65:8181,1755152243,0.00,0
196.251.222.25:8104,1755152243,0.00,0
156.244.0.116:8060,1755152243,0.00,0
47.116.181.146:6379,1755152243,0.00,0
152.53.168.53:16821,1755152243,0.00,0
152.53.168.53:16821,1755152243,0.00,0
39.100.88.89:8081,1755152243,0.00,0
47.91.120.190:8888,1755152243,0.00,0
8.215.3.250:9797,1755152243,0.00,0
8.212.151.166:45,1755152243,0.00,0
47.122.60.73:8008,1755152243,0.00,0
47.122.60.73:8008,1755152243,0.00,0
47.91.120.190:1080,1755152243,0.00,0
39.100.88.89:80,1755152243,0.00,0
39.100.88.89:80,1755152243,0.00,0
39.100.88.89:80,1755152243,0.00,0
39.100.88.89:80,1755152243,0.00,0
179.1.128.42:9992,1755152243,0.00,0
47.91.121.127:9999,1755152243,0.00,0
47.91.121.127:9999,1755152243,0.00,0
139.224.186.221:7878,1755152243,0.00,0
47.121.182.36:9080,1755152243,0.00,0
38.156.73.154:8080,1755152243,0.12,1
39.102.211.64:9080,1755152243,0.00,0
47.91.29.151:8081,1755152243,0.00,0
47.250.51.110:3128,1755152243,0.00,0
47.109.83.196:8081,1755152243,0.00,0
47.109.83.196:8081,1755152243,0.00,0
47.119.164.33:8081,1755152243,0.00,0
47.121.182.88:9098,1755152243,0.00,0
47.121.182.88:9098,1755152243,0.00,0
152.53.168.53:31915,1755152243,0.00,0
159.203.61.169:80,1755152243,0.00,0
108.61.23.18:80,1755152243,0.07,1
209.97.150.167:8080,1755152243,0.00,0
138.68.60.8:8080,1755152243,0.00,0
138.197.112.162:80,1755152243,2.25,1
18.135.100.214:3128,1755152243,0.00,1
167.99.122.154:3000,1755152243,0.00,1
5.9.88.169:80,1755152243,0.07,1
139.162.78.109:8080,1755152243,0.00,0
15.223.115.238:1080,1755152243,0.00,0
31.14.114.72:1081,1755152243,0.00,0
31.14.114.70:1081,1755152243,0.00,0
31.14.114.68:1081,1755152243,0.00,0
193.233.126.61:3128,1755152243,0.00,0
120.26.123.95:8010,1755152243,0.00,0
120.79.7.173:8123,1755152243,0.00,0
78.47.126.220:8888,1755152243,0.00,0
31.14.114.73:1081,1755152243,0.00,0
52.29.191.183:3128,1755152243,0.00,0
115.29.148.215:45554,1755152243,0.00,0
3.142.201.147:1080,1755152243,0.00,0
121.43.43.217:10007,1755152243,0.00,0
47.113.221.120:3127,1755152243,0.00,0
120.77.8.130:3128,1755152243,0.00,0
8.140.105.75:8009,1755152243,0.00,0
18.130.202.43:3128,1755152243,0.00,0
101.200.187.233:8080,1755152243,0.00,0
47.92.242.45:8118,1755152243,0.00,0
39.105.27.30:3128,1755152243,0.00,0
95.66.138.21:8880,1755152243,0.00,0
87.239.31.42:80,1755152243,0.00,0
3.147.60.235:3128,1755152243,0.00,0
134.209.29.120:80,1755152243,0.00,0
18.130.202.43:8080,1755152243,0.00,0
51.20.103.83:8080,1755152243,0.00,0
13.48.138.241:3129,1755152243,0.00,0
3.70.233.234:3128,1755152243,0.00,0
18.143.167.190:9898,1755152243,0.00,1
18.143.167.190:999,1755152243,0.00,1
3.67.92.255:3128,1755152243,0.00,0
185.235.16.12:80,1755152243,0.00,0
89.58.57.45:80,1755152243,0.00,0
13.40.30.235:58831,1755152243,0.00,0
15.237.182.89:3128,1755152243,0.00,0
52.15.161.54:56793,1755152243,0.00,0
3.99.190.32:3128,1755152243,0.00,0
116.98.181.51:1009,1755152243,0.00,0
51.84.57.154:3128,1755152243,0.00,0
13.56.150.161:1080,1755152243,0.00,0
15.237.216.241:8085,1755152243,0.00,0
16.171.60.188:3128,1755152243,0.00,0
3.92.167.74:1080,1755152243,0.00,0
159.224.232.194:8888,1755152243,0.00,0
34.245.122.113:8080,1755152243,0.00,0
93.171.157.249:8080,1755152243,0.00,0
51.84.57.154:57368,1755152243,0.00,0
18.226.170.181:8888,1755152243,0.00,0
40.176.45.160:10888,1755152243,0.00,0
3.29.58.203:1080,1755152243,0.00,0
34.245.122.113:55829,1755152243,0.00,0
18.231.246.132:3128,1755152243,0.00,0
98.130.85.46:3128,1755152243,0.00,0
157.175.196.122:6628,1755152243,0.00,0
168.197.116.22:8082,1755152243,0.00,0
35.152.137.99:8089,1755152243,0.00,0
35.181.65.119:3128,1755152243,0.00,0
113.108.13.120:8083,1755152243,0.00,0
34.216.224.9:10994,1755152243,0.00,0
34.216.224.9:10003,1755152243,0.00,0
56.124.22.247:3128,1755152243,0.00,0
135.181.154.225:80,1755152243,0.00,0
8.219.188.145:8118,1755152243,0.00,0
36.138.53.26:10017,1755152243,0.00,0
157.175.43.137:8742,1755152243,0.00,0
106.14.255.124:8080,1755152243,0.00,0
157.175.196.122:8000,1755152243,0.00,0
27.71.228.47:3128,1755152243,0.00,0
23.247.136.254:80,1755152243,0.00,0
157.175.43.137:808,1755152243,0.00,0
188.191.165.159:8080,1755152243,0.00,0
103.65.237.92:5678,1755152243,0.00,0
97.74.87.226:80,1755152243,0.00,0
187.19.128.76:8090,1755152243,0.00,0
40.176.45.160:44001,1755152243,0.00,0
43.217.82.90:3128,1755152243,0.00,0
51.92.210.224:3128,1755152243,0.00,0
113.108.105.30:9091,1755152243,0.00,0
35.152.106.51:8080,1755152243,0.00,0
113.204.79.230:9091,1755152243,0.00,0
209.121.164.51:31147,1755152243,0.00,0
209.121.164.50:31147,1755152243,0.00,0
18.163.196.59:1080,1755152243,0.00,0
54.180.135.57:8888,1755152243,0.00,0
40.192.27.104:3128,1755152243,0.00,0
54.177.108.157:1080,1755152243,0.00,0
52.198.162.123:3128,1755152243,0.00,0
40.192.27.104:7777,1755152243,0.00,0
59.7.246.4:80,1755152243,0.00,0
45.239.175.60:8080,1755152243,0.00,0
51.16.245.198:3128,1755152243,0.00,0
103.120.146.11:8080,1755152243,0.00,1
104.129.194.45:10801,1755152243,0.01,1
183.215.23.242:9091,1755152243,0.00,0
218.75.224.4:3309,1755152243,0.00,0
54.180.135.57:8082,1755152243,0.00,0
51.44.86.217:3128,1755152243,0.00,0
16.28.61.56:3128,1755152243,0.00,0
18.208.142.221:1080,1755152243,0.00,0
185.36.145.215:80,1755152243,0.00,0
185.88.177.197:8080,1755152243,0.00,0
18.143.167.190:45643,1755152243,0.00,0
223.206.50.34:8080,1755152243,0.00,1
54.255.239.60:1111,1755152243,0.00,0
13.211.233.22:36619,1755152243,0.00,0
123.159.126.158:8085,1755152243,0.00,0
157.175.40.233:8888,1755152243,0.00,0
36.138.53.26:10019,1755152243,0.00,0
34.219.59.199:52541,1755152243,0.00,0
203.19.38.114:1080,1755152243,0.00,0
36.111.205.203:6666,1755152243,0.00,0
72.10.160.170:29383,1755152243,0.00,0
18.143.167.190:83,1755152243,0.00,0
103.231.78.36:80,1755152243,0.00,0
119.3.113.152:9094,1755152243,0.00,0
46.161.196.222:9812,1755152243,0.00,0
222.59.173.105:45053,1755152243,0.00,0
222.59.173.105:45085,1755152243,0.00,0
123.30.154.171:7777,1755152243,0.00,0
113.160.132.195:8080,1755152243,0.00,0
27.79.242.112:16000,1755152243,0.00,0
27.71.132.134:16000,1755152243,0.00,0
222.59.173.105:45124,1755152243,0.00,0
222.59.173.105:45035,1755152243,0.00,0
94.182.146.250:8080,1755152243,0.00,0
183.80.22.107:16000,1755152243,0.00,0
183.80.23.242:16000,1755152243,0.00,0
42.113.20.127:16000,1755152243,0.00,0
52.193.148.177:3128,1755152243,0.00,0
13.244.66.17:3128,1755152243,0.00,0
185.14.47.247:80,1755152243,0.00,0
220.88.5.106:80,1755152243,0.00,1
42.96.16.158:1311,1755152243,0.00,0
115.72.15.14:10005,1755152243,0.00,0
115.72.44.82:10004,1755152243,0.00,0
54.248.28.31:1080,1755152243,0.00,0
101.251.204.174:8080,1755152243,0.00,0
54.180.143.12:8001,1755152243,0.00,0
27.71.139.254:16000,1755152243,0.00,0
213.87.103.76:3128,1755152243,0.00,0
43.156.183.112:1080,1755152243,0.00,0
62.234.206.73:3128,1755152243,0.00,1
222.59.173.105:45003,1755152243,0.00,0
222.59.173.105:45012,1755152243,0.00,0
117.74.65.207:443,1755152243,0.00,1
223.135.156.183:8080,1755152243,0.00,0
203.162.13.222:6868,1755152243,0.00,0
222.59.173.105:45130,1755152243,0.00,0
113.23.120.139:16000,1755152243,0.00,0
118.194.249.77:8080,1755152243,0.00,0
39.129.25.66:8060,1755152243,0.00,0
51.20.192.194:3128,1755152243,0.00,0
203.3.112.2:6666,1755152243,0.00,0
8.208.90.243:8081,1755152243,0.00,1
124.193.203.41:8000,1755152243,0.00,1
8.208.85.34:6969,1755152243,0.00,1
47.243.124.21:4040,1755152243,0.00,1
182.253.109.29:8080,1755152243,0.00,0
120.46.215.52:41890,1755152243,0.00,1
49.0.253.51:8888,1755152243,0.00,1
27.71.140.43:16000,1755152243,0.00,0
3.106.245.146:52875,1755152243,0.00,0
18.188.141.177:2000,1755152243,0.00,0
54.221.40.2:1080,1755152243,0.00,0
212.16.77.50:3128,1755152243,0.00,0
13.114.9.221:50439,1755152243,0.00,0
13.212.81.49:1452,1755152243,0.00,0
13.212.81.49:1231,1755152243,0.00,0
13.208.110.63:8080,1755152243,0.00,0
54.254.244.163:8082,1755152243,0.00,0
5.161.133.32:80,1755152243,0.26,1
117.161.170.163:9252,1755152243,0.00,0
54.199.199.66:5314,1755152243,0.00,0
115.74.5.48:10001,1755152243,0.00,0
200.174.198.86:8888,1755152243,0.00,0
57.129.81.201:8081,1755152243,0.00,0
115.72.44.82:10008,1755152243,0.00,0
57.129.81.201:3128,1755152243,0.00,0
57.129.81.201:999,1755152243,0.00,0
4.245.123.244:80,1755152243,0.11,1
52.140.40.92:80,1755152243,0.00,0
171.237.60.177:10006,1755152243,0.00,0
47.92.152.43:8081,1755152243,0.00,0
47.99.112.148:8080,1755152243,0.00,0
195.211.219.147:5555,1755152243,0.00,0
103.248.9.247:8080,1755152243,0.00,0
103.180.123.107:82,1755152243,0.00,0
45.167.126.72:999,1755152243,0.00,0
47.92.219.102:8080,1755152243,0.00,0
101.255.209.94:8070,1755152243,0.00,0
201.244.16.139:999,1755152243,0.00,0
8.217.250.141:33333,1755152243,0.00,0
181.174.228.157:8080,1755152243,0.00,0
120.25.189.254:9080,1755152243,0.00,0
47.121.129.129:8443,1755152243,0.00,0
47.92.82.167:8085,1755152243,0.00,0
103.227.187.217:6080,1755152243,0.00,0
177.45.155.234:8085,1755152243,0.00,0
43.252.237.149:8080,1755152243,0.00,0
63.250.32.221:3128,1755152243,0.00,0
121.43.146.222:8080,1755152243,0.00,0
8.219.1.139:8090,1755152243,0.00,0
103.133.61.191:8080,1755152243,0.00,0
47.122.60.73:8443,1755152243,0.00,0
47.122.65.254:8081,1755152243,0.00,0
14.241.111.97:8080,1755152243,0.00,0
103.68.214.32:8181,1755152243,0.00,0
181.204.81.179:999,1755152243,0.00,0
121.43.154.123:9080,1755152243,0.00,0
82.25.90.240:3128,1755152243,0.00,0
47.92.82.167:80,1755152243,0.00,0
190.108.95.137:999,1755152243,0.00,0
47.121.129.129:7777,1755152243,0.00,0
112.201.178.239:8080,1755152243,0.00,0
47.99.112.148:9098,1755152243,0.00,0
47.92.152.43:9080,1755152243,0.00,0
190.60.36.210:999,1755152243,0.00,0
92.67.186.210:80,1755152243,0.00,0
14.224.181.172:8080,1755152243,0.00,0
161.82.141.219:8080,1755152243,0.00,0
4.247.152.147:3128,1755152243,0.00,0
154.27.196.39:999,1755152243,0.00,0
103.102.12.105:8080,1755152243,0.00,0
159.192.112.104:8999,1755152243,0.00,0
219.129.167.82:2222,1755152243,0.00,0
201.186.41.170:999,1755152243,0.00,0
121.43.146.222:8081,1755152243,0.00,0
103.109.57.118:8080,1755152243,0.00,0
47.122.57.58:9080,1755152243,0.00,0
190.185.112.58:999,1755152243,0.00,0
77.238.103.98:8080,1755152243,0.00,0
61.216.156.222:60808,1755152243,0.00,0
80.240.23.28:80,1755152243,0.00,0
38.46.235.3:8088,1755152243,0.00,0
47.91.29.151:8443,1755152243,0.00,0
223.205.66.87:8080,1755152243,0.00,0
103.86.117.58:8080,1755152243,0.00,0
149.86.152.225:8080,1755152243,0.00,0
165.22.218.125:3128,1755152243,0.00,0
47.104.28.135:20002,1755152243,0.00,0
103.114.96.246:8080,1755152243,0.00,0
171.7.132.192:8080,1755152243,0.00,0
196.251.222.50:8104,1755152243,0.00,0
61.186.243.6:9002,1755152243,0.00,0
120.26.52.35:3128,1755152243,0.00,0
47.121.129.129:9098,1755152243,0.00,0
47.250.11.111:111,1755152243,0.00,0
139.224.186.221:80,1755152243,0.00,0
116.98.187.72:1017,1755152243,0.00,0
38.252.215.109:999,1755152243,0.00,0
47.122.62.83:3128,1755152243,0.00,0
118.47.179.203:80,1755152243,0.00,0
47.122.64.36:2080,1755152243,0.00,0
39.102.213.3:8443,1755152243,0.00,0
38.172.131.64:999,1755152243,0.00,0
217.160.98.224:3128,1755152243,0.00,0
139.224.186.221:1111,1755152243,0.00,0
49.147.60.119:8080,1755152243,0.00,0
120.26.52.35:8081,1755152243,0.00,0
188.166.230.109:31028,1755152243,0.00,0
124.83.107.131:8082,1755152243,0.00,0
47.122.60.73:3128,1755152243,0.00,0
209.14.118.116:999,1755152243,0.00,0
47.122.60.157:80,1755152243,0.00,0
140.227.61.201:3128,1755152243,0.00,0
47.122.64.36:9080,1755152243,0.00,0
115.72.44.82:10010,1755152243,0.00,0
47.252.20.42:11300,1755152243,0.00,0
23.237.210.82:80,1755152243,0.08,1
115.72.10.21:10005,1755152243,0.00,0
103.138.145.34:80,1755152243,0.00,0
115.74.5.48:10005,1755152243,0.00,0
72.10.164.178:21373,1755152243,0.00,0
147.28.240.214:9400,1755152243,0.00,0
115.72.4.186:10010,1755152243,0.00,0
82.102.10.253:80,1755152243,0.00,0
198.49.68.80:80,1755152243,0.00,0
123.141.181.49:5031,1755152243,0.00,0
192.177.139.210:8000,1755152243,0.00,0
219.93.101.60:80,1755152243,0.00,0
147.28.240.214:80,1755152243,0.00,0
109.71.254.4:80,1755152243,0.00,0
188.132.222.3:8080,1755152243,0.00,0
115.72.44.82:10006,1755152243,0.00,0
141.98.153.86:80,1755152243,0.00,0
103.94.52.70:3128,1755152243,0.00,0
115.72.10.21:10004,1755152243,0.00,0
181.174.164.221:80,1755152243,0.00,0
152.53.194.46:8029,1755152243,0.00,0
141.253.126.46:3238,1755152243,0.00,0
15.204.151.147:31158,1755152243,0.00,0
47.56.110.204:8989,1755152243,0.00,0
115.72.15.14:10002,1755152243,0.00,0
171.237.60.177:10007,1755152243,0.00,0
185.162.60.46:8080,1755152243,0.00,0
152.53.107.230:80,1755152243,0.00,0
113.121.253.65:8118,1755152243,0.00,0
186.96.73.16:999,1755152243,0.00,0
34.101.88.34:3128,1755152243,0.00,0
108.141.130.146:80,1755152243,0.00,0
160.22.20.231:8080,1755152243,0.00,0
152.26.229.52:9443,1755152243,0.00,0
66.175.219.50:3228,1755152243,0.00,0
203.95.196.29:8080,1755152243,0.00,0
79.110.202.184:8081,1755152243,0.00,0
103.214.109.67:80,1755152243,0.00,0
59.153.100.98:80,1755152243,0.00,0
46.62.143.200:8008,1755152243,0.00,0
103.214.109.70:80,1755152243,0.00,0
103.60.204.18:80,1755152243,0.00,0
147.75.34.74:10047,1755152243,0.00,0
37.235.48.19:80,1755152243,0.00,0
147.28.240.214:9443,1755152243,0.00,0
46.35.9.110:80,1755152243,0.00,0
152.69.229.220:3128,1755152243,0.00,0
145.40.96.157:9400,1755152243,0.00,0
49.65.124.192:3128,1755152243,0.00,0
152.53.194.46:8039,1755152243,0.00,0
5.45.126.128:8080,1755152243,0.00,0
123.141.181.32:5031,1755152243,0.00,0
185.82.218.85:80,1755152243,0.00,0
67.211.219.122:8888,1755152243,0.00,0
46.161.196.222:8080,1755152243,0.00,0
103.117.192.10:80,1755152243,0.00,0
147.28.240.214:9401,1755152243,0.00,0
115.74.5.48:10007,1755152243,0.00,0
74.48.189.152:2580,1755152243,0.00,0
96.93.124.211:31060,1755152243,0.00,0
157.180.121.252:53375,1755152243,0.00,0
139.59.1.14:80,1755152243,0.00,0
4.195.16.140:80,1755152243,0.00,0
158.178.214.173:3138,1755152243,0.00,0
147.75.34.74:10019,1755152243,0.00,0
219.79.89.247:8080,1755152243,0.00,0
203.95.196.125:8080,1755152243,0.00,0
38.199.65.97:999,1755152243,0.00,0
198.176.56.39:80,1755152243,0.00,0
195.158.8.123:3128,1755152243,0.00,0
72.10.164.178:23967,1755152243,0.00,0
136.175.9.85:8083,1755152243,0.00,0
34.101.51.45:3128,1755152243,0.00,0
72.10.160.90:27839,1755152243,0.00,0
171.237.60.177:10004,1755152243,0.00,0
173.209.63.67:8069,1755152243,0.00,0
152.53.194.46:8070,1755152243,0.00,0
78.38.53.36:80,1755152243,0.00,0
79.110.200.148:8081,1755152243,0.00,0
220.233.184.21:80,1755152243,0.00,0
91.205.172.113:3120,1755152243,0.00,0
38.60.109.55:80,1755152243,0.00,0
41.59.90.168:80,1755152243,0.00,0
47.56.110.204:8990,1755152243,0.00,0
111.111.108.141:3128,1755152243,0.00,0
120.53.27.73:3128,1755152243,0.00,0
147.75.34.74:10092,1755152243,0.00,0
45.186.6.104:3128,1755152243,0.00,0
193.136.58.76:80,1755152243,0.00,0
67.43.228.250:14609,1755152243,0.00,0
114.80.36.254:3081,1755152243,0.00,0
141.253.101.157:3206,1755152243,0.00,0
136.175.9.85:8084,1755152243,0.00,0
41.59.90.175:80,1755152243,0.00,0
103.86.109.38:80,1755152243,0.00,0
61.79.72.201:80,1755152243,0.00,0
159.69.57.20:8880,1755152243,0.00,0
103.214.109.69:80,1755152243,0.00,0
157.180.121.252:41795,1755152243,0.00,0
124.108.6.20:8085,1755152243,0.00,0
159.65.230.46:8888,1755152243,0.00,0
219.93.101.63:80,1755152243,0.00,0
67.43.236.18:25981,1755152243,0.00,0
98.64.128.182:3128,1755152243,0.00,0
119.18.146.92:9090,1755152243,0.00,0
185.191.236.162:3128,1755152243,0.00,0
90.162.35.34:80,1755152243,0.00,0
152.53.194.46:8100,1755152243,0.00,0
67.223.225.161:43080,1755152243,0.00,0
46.99.204.38:80,1755152243,0.00,1
49.236.189.199:21488,1755152243,0.00,1
103.216.50.206:8080,1755152243,0.00,1
85.117.56.157:8080,1755152243,0.00,1
103.173.72.97:1111,1755152243,0.00,1
103.247.13.135:1111,1755152243,0.00,1
20.244.11.89:80,1755152243,0.00,0
8.138.82.6:8081,1755152243,0.00,0
120.26.104.146:80,1755152243,0.00,0
120.26.104.146:80,1755152243,0.00,0
47.121.182.36:8888,1755152243,0.00,0
39.102.213.187:18080,1755152243,0.00,0
39.102.214.152:8081,1755152243,0.00,0
121.230.8.137:1080,1755152243,0.00,0
8.215.3.250:1080,1755152243,0.00,1
8.215.3.250:1080,1755152243,0.00,1
8.215.3.250:1080,1755152243,0.00,1
8.215.3.250:1080,1755152243,0.00,1
8.213.195.191:9091,1755152243,0.00,1
8.213.128.90:4006,1755152243,0.00,1
80.242.56.115:3128,1755152243,0.00,0
159.65.184.81:80,1755152243,0.00,0
178.214.80.28:1981,1755152243,0.00,0
47.121.183.107:31281,1755152243,0.00,0
39.104.27.89:31281,1755152243,0.00,0
47.252.11.233:8010,1755152243,0.00,1
47.237.107.41:80,1755152243,0.00,1
47.238.60.156:9080,1755152243,0.00,1
47.238.60.156:9080,1755152243,0.00,0
67.43.236.20:4883,1755152243,0.34,1
86.109.3.23:10087,1755152243,0.00,0
8.209.96.245:193,1755152243,0.00,0
39.102.210.176:9098,1755152243,0.00,0
39.102.210.176:9098,1755152243,0.00,0
39.102.211.162:5060,1755152243,0.00,0
47.92.194.235:9080,1755152243,0.00,0
8.213.128.90:6666,1755152243,0.00,1
8.213.128.90:6666,1755152243,0.00,1
8.213.134.213:1081,1755152243,0.00,1
8.220.136.174:3128,1755152243,0.00,1
8.220.136.174:3128,1755152243,0.00,1
8.213.129.15:4145,1755152243,0.00,1
8.213.129.15:4145,1755152243,0.00,0
47.254.36.213:1080,1755152243,0.00,1
72.10.160.90:10965,1755152243,0.43,1
106.14.104.220:34567,1755152243,0.00,0
106.14.104.220:34567,1755152243,0.00,0
47.122.61.139:9080,1755152243,0.00,0
39.102.208.149:4000,1755152243,0.00,0
39.104.57.33:8080,1755152243,0.00,0
8.137.38.48:12000,1755152243,0.00,0
128.199.202.122:3128,1755152243,0.00,0
8.220.204.92:6379,1755152243,0.00,1
8.220.204.92:6379,1755152243,0.00,0
8.220.204.92:6379,1755152243,0.00,1
47.76.144.139:4006,1755152243,0.00,1
8.219.229.53:5060,1755152243,0.00,1
8.213.222.157:4000,1755152243,0.00,1
8.220.136.174:1080,1755152243,0.00,1
47.90.149.238:8081,1755152243,0.00,1
8.213.134.213:9200,1755152243,0.00,1
8.210.17.35:119,1755152243,0.00,0
8.210.17.35:119,1755152243,0.00,1
8.221.141.88:161,1755152243,0.00,0
103.171.83.199:1111,1755152243,0.00,0
103.171.83.199:1111,1755152243,0.00,1
103.171.83.199:1111,1755152243,0.00,1
103.171.83.199:1111,1755152243,0.00,1
103.171.83.199:1111,1755152243,0.00,1
8.213.129.15:1000,1755152243,0.00,0
39.102.214.192:9080,1755152243,0.00,0
39.102.214.192:9080,1755152243,0.00,0
39.102.210.176:8081,1755152243,0.00,0
39.102.210.176:8081,1755152243,0.00,0
39.102.210.176:6379,1755152243,0.00,0
47.92.194.235:4000,1755152243,0.00,0
47.252.11.233:5060,1755152243,0.00,1
8.211.51.115:8443,1755152243,0.00,1
101.255.104.38:1080,1755152243,0.00,0
101.255.104.38:1080,1755152243,0.00,0
101.255.104.38:1080,1755152243,0.00,0
101.255.104.38:1080,1755152243,0.00,0
101.255.104.38:1080,1755152243,0.00,0
101.255.104.38:1080,1755152243,0.00,0
101.255.104.38:1080,1755152243,0.00,0
101.255.104.38:1080,1755152243,0.00,0
101.255.104.38:1080,1755152243,0.00,0
101.255.104.38:1080,1755152243,0.00,0
156.244.0.116:45554,1755152243,0.00,1
8.220.136.174:2000,1755152243,0.00,1
8.213.215.187:30000,1755152243,0.00,1
8.213.215.187:30000,1755152243,0.00,1
8.213.215.187:30000,1755152243,0.00,1
8.213.215.187:30000,1755152243,0.00,0
47.238.134.126:8181,1755152243,0.00,1
157.180.121.252:38266,1755152243,0.12,1
8.213.137.155:8034,1755152243,0.00,0
47.74.46.81:1000,1755152243,0.00,0
47.74.46.81:1000,1755152243,0.00,1
47.90.167.27:1081,1755152243,0.00,0
8.213.129.15:808,1755152243,0.00,0
47.90.167.27:8443,1755152243,0.00,0
47.90.167.27:11,1755152243,0.00,0
8.221.139.222:1029,1755152243,0.00,0
39.101.65.228:6000,1755152243,0.00,0
47.251.74.38:20,1755152243,0.00,1
47.251.74.38:20,1755152243,0.00,1
8.211.195.173:3128,1755152243,0.00,1
8.213.128.6:8080,1755152243,0.00,1
156.244.11.6:1234,1755152243,0.00,1
156.244.11.6:1234,1755152243,0.00,1
47.251.87.199:85,1755152243,0.00,1
8.213.128.90:8808,1755152243,0.00,1
164.163.42.4:10000,1755152243,0.13,1
47.251.87.74:1080,1755152243,0.00,0
47.91.120.190:3129,1755152243,0.00,0
47.91.120.190:3129,1755152243,0.00,0
47.104.198.111:8443,1755152243,0.00,0
39.102.213.187:8081,1755152243,0.00,0
47.251.74.38:199,1755152243,0.00,1
8.213.129.20:8001,1755152243,0.00,1
47.116.181.146:8800,1755152243,0.00,0
39.104.27.89:9080,1755152243,0.00,0
39.102.213.50:8443,1755152243,0.00,0
8.219.229.53:59394,1755152243,0.00,1
8.220.204.92:18080,1755152243,0.00,1
47.91.89.3:5060,1755152243,0.00,1
8.213.129.20:1081,1755152243,0.00,0
8.213.215.187:443,1755152243,0.00,0
8.211.195.139:80,1755152243,0.00,0
190.54.100.74:8080,1755152243,0.00,0
195.85.250.61:3128,1755152243,0.00,0
39.104.27.89:8085,1755152243,0.00,0
8.211.194.78:31433,1755152243,0.00,1
8.211.194.78:31433,1755152243,0.00,1
47.238.60.156:9091,1755152243,0.00,1
47.237.113.119:8443,1755152243,0.00,1
47.251.74.38:98,1755152243,0.00,1
67.43.236.20:21013,1755152243,0.28,1
47.251.87.199:9999,1755152243,0.00,0
47.116.126.57:8118,1755152243,0.00,0
39.102.209.128:13,1755152243,0.00,0
39.101.65.228:9080,1755152243,0.00,0
136.175.9.84:8087,1755152243,2.52,1
47.76.144.139:8008,1755152243,0.00,1
47.254.36.213:8888,1755152243,0.00,1
164.163.42.30:10000,1755152243,0.10,1
47.238.134.126:1081,1755152243,0.00,0
45.177.16.137:999,1755152243,0.00,0
86.109.3.23:10020,1755152243,0.00,0
39.101.65.228:8020,1755152243,0.00,0
8.213.128.6:18081,1755152243,0.00,1
114.80.32.8:3081,1755152243,0.00,0
47.252.11.233:14186,1755152243,0.00,0
47.237.113.119:80,1755152243,0.00,0
47.108.159.113:6379,1755152243,0.00,0
136.175.9.82:8082,1755152243,2.51,1
47.252.18.37:13,1755152243,0.00,1
47.252.18.37:13,1755152243,0.00,1
47.252.18.37:13,1755152243,0.00,1
47.252.18.37:13,1755152243,0.00,1
47.252.18.37:13,1755152243,0.00,1
47.252.18.37:13,1755152243,0.00,0
47.252.18.37:13,1755152243,0.00,0
47.252.18.37:13,1755152243,0.00,0
47.252.18.37:13,1755152243,0.00,0
47.252.18.37:13,1755152243,0.00,1
149.129.226.9:9160,1755152243,0.00,1
8.212.151.166:80,1755152243,0.00,1
8.213.129.20:448,1755152243,0.00,1
8.212.168.170:45,1755152243,0.00,1
164.163.42.21:10000,1755152243,0.37,1
67.43.228.250:13677,1755152243,0.26,1
213.145.150.77:8080,1755152243,0.00,0
47.116.181.146:9080,1755152243,0.00,0
47.116.126.57:8443,1755152243,0.00,0
39.101.65.228:4153,1755152243,0.00,0
47.92.143.92:9080,1755152243,0.00,0
47.251.74.38:3129,1755152243,0.00,1
8.213.128.6:8060,1755152243,0.00,1
47.238.60.156:9098,1755152243,0.00,1
47.238.60.156:9098,1755152243,0.00,1
47.238.60.156:9098,1755152243,0.00,1
8.213.129.20:5000,1755152243,0.00,1
8.213.137.155:98,1755152243,0.00,1
113.95.133.185:8888,1755152243,0.00,0
8.211.195.173:20002,1755152243,0.00,0
47.74.46.81:8085,1755152243,0.00,0
39.102.213.187:8080,1755152243,0.00,0
39.104.69.76:9098,1755152243,0.00,0
8.213.128.90:9091,1755152243,0.00,1
8.213.137.155:8089,1755152243,0.00,1
8.213.129.20:9090,1755152243,0.00,1
8.220.205.172:1337,1755152243,0.00,1
47.237.2.245:4145,1755152243,0.00,1
47.237.2.245:4145,1755152243,0.00,1
8.215.12.103:84,1755152243,0.00,1
47.250.177.202:5060,1755152243,0.00,1
47.250.177.202:5060,1755152243,0.00,1
164.163.42.6:10000,1755152243,0.23,1
8.213.128.90:30000,1755152243,0.00,0
8.213.128.90:30000,1755152243,0.00,1
188.125.169.149:8080,1755152243,0.00,0
105.174.43.194:8080,1755152243,0.00,0
39.104.69.76:8090,1755152243,0.00,0
8.221.139.222:8026,1755152243,0.00,1
8.213.129.15:10,1755152243,0.00,1
8.213.134.213:8889,1755152243,0.00,1
8.213.134.213:8889,1755152243,0.00,1
60.187.245.234:8085,1755152243,0.00,0
8.211.195.173:3333,1755152243,0.00,1
47.238.60.156:8093,1755152243,0.00,1
47.237.92.86:1081,1755152243,0.00,1
47.237.92.86:1081,1755152243,0.00,0
8.213.129.20:999,1755152243,0.00,1
8.211.195.173:3129,1755152243,0.00,0
197.164.101.11:1981,1755152243,0.00,0
18.204.69.227:8080,1755152243,0.00,0
8.213.129.15:8181,1755152243,0.00,0
72.10.160.173:10329,1755152243,0.00,0
39.104.23.154:8080,1755152243,0.00,0
39.102.214.152:9098,1755152243,0.00,0
8.213.128.6:8083,1755152243,0.00,1
8.212.151.166:3128,1755152243,0.00,1
72.10.164.178:9975,1755152243,0.20,1
47.237.107.41:193,1755152243,0.00,0
8.213.215.187:8443,1755152243,0.00,0
8.211.194.85:45,1755152243,0.00,0
103.156.215.16:8080,1755152243,0.00,0
115.72.15.14:10012,1755152243,0.00,0
115.72.15.14:10032,1755152243,0.00,0
171.228.69.9:1006,1755152243,0.00,0
39.102.214.199:9999,1755152243,0.00,0
39.175.75.144:30001,1755152243,0.00,0
42.117.168.83:16000,1755152243,0.00,0
149.129.255.179:119,1755152243,0.00,1
149.129.255.179:119,1755152243,0.00,1
8.213.128.90:7779,1755152243,0.00,1
164.163.42.60:10000,1755152243,0.30,1
195.154.113.159:3128,1755152243,0.00,0
8.213.134.213:50,1755152243,0.00,0
39.104.69.76:8089,1755152243,0.00,0
39.102.213.213:80,1755152243,0.00,0
115.72.15.14:10033,1755152243,0.00,0
13.222.213.12:80,1755152243,4.08,1
8.213.129.15:9999,1755152243,0.00,1
115.72.44.82:10003,1755152243,0.00,0
118.174.92.61:8080,1755152243,0.11,1
47.254.36.213:8000,1755152243,0.00,0
47.238.60.156:8443,1755152243,0.00,0
47.251.74.38:1080,1755152243,0.00,0
203.128.247.18:8080,1755152243,0.00,0
152.53.168.53:47897,1755152243,0.00,0
103.155.168.92:8299,1755152243,0.00,0
8.221.139.222:6379,1755152243,0.00,0
121.230.9.30:1080,1755152243,0.00,0
47.74.46.81:102,1755152243,0.00,1
47.238.60.156:13,1755152243,0.00,1
14.29.236.128:7897,1755152243,0.00,0
8.221.141.88:6443,1755152243,0.00,1
8.213.128.6:800,1755152243,0.00,1
8.213.195.191:8443,1755152243,0.00,1
47.92.143.92:8008,1755152243,0.00,0
8.220.141.8:808,1755152243,0.00,1
58.186.248.95:16000,1755152243,0.00,0
182.53.172.209:8080,1755152243,0.12,1
8.213.137.155:264,1755152243,0.00,0
103.216.57.96:8080,1755152243,0.00,0
157.66.50.105:8181,1755152243,0.00,0
39.104.69.76:8800,1755152243,0.00,0
47.254.36.213:1081,1755152243,0.00,1
47.90.167.27:9080,1755152243,0.00,1
47.91.109.17:1000,1755152243,0.00,1
47.238.134.126:9098,1755152243,0.00,1
47.237.113.119:8080,1755152243,0.00,1
47.250.11.111:3129,1755152243,0.00,1
8.212.165.164:80,1755152243,0.00,1
8.220.136.174:8443,1755152243,0.00,1
8.213.222.157:5060,1755152243,0.00,1
47.250.155.254:8003,1755152243,0.00,1
8.220.141.8:51,1755152243,0.00,1
47.251.74.38:6379,1755152243,0.00,1
8.213.137.155:86,1755152243,0.00,1
123.141.181.82:5031,1755152243,0.11,1
47.238.134.126:8080,1755152243,0.00,0
152.53.168.53:15721,1755152243,0.00,0
8.213.129.15:8024,1755152243,0.00,0
173.209.63.70:8025,1755152243,0.00,0
39.102.214.152:6379,1755152243,0.00,0
39.102.214.152:6379,1755152243,0.00,0
39.102.214.152:6379,1755152243,0.00,0
39.102.214.152:6379,1755152243,0.00,0
39.102.214.152:6379,1755152243,0.00,0
101.200.158.109:8123,1755152243,0.00,0
47.108.159.113:18080,1755152243,0.00,0
47.108.159.113:18080,1755152243,0.00,0
47.108.159.113:18080,1755152243,0.00,0
47.108.159.113:18080,1755152243,0.00,0
180.105.243.100:1080,1755152243,0.00,0
154.205.147.234:1080,1755152243,0.00,1
154.205.147.234:1080,1755152243,0.00,1
154.205.147.234:1080,1755152243,0.00,1
67.43.228.250:2821,1755152243,0.00,0
103.82.22.129:10013,1755152243,0.00,0
51.79.99.237:4601,1755152243,1.04,1
51.79.99.237:4601,1755152243,0.49,1
51.79.99.237:4601,1755152243,0.89,1
51.79.99.237:4601,1755152243,0.00,0
106.111.127.169:1080,1755152243,0.00,0
122.2.48.121:8080,1755152243,0.20,1
122.2.48.121:8080,1755152243,0.00,0
72.10.164.178:13447,1755152243,0.09,1
72.10.160.91:28259,1755152243,0.00,0
157.66.50.61:8080,1755152243,0.00,0
72.10.164.178:12015,1755152243,0.00,0
72.10.160.170:3525,1755152243,0.00,0
103.148.184.82:8080,1755152243,0.00,0
103.148.184.82:8080,1755152243,0.00,0
103.148.184.82:8080,1755152243,0.00,0
173.209.63.66:8069,1755152243,0.00,0
136.175.9.83:8085,1755152243,2.53,1
136.175.9.83:8085,1755152243,0.00,0
136.175.9.83:8085,1755152243,0.00,0
136.175.9.83:8085,1755152243,2.59,1
136.175.9.83:8085,1755152243,2.54,1
136.175.9.83:8085,1755152243,2.48,1
136.175.9.83:8085,1755152243,0.12,1
136.175.9.83:8085,1755152243,1.88,1
8.215.3.250:3129,1755152243,0.00,1
8.215.3.250:3129,1755152243,0.00,1
8.215.3.250:3129,1755152243,0.00,1
8.215.3.250:3129,1755152243,0.00,1
47.250.177.202:8090,1755152243,0.00,1
72.10.160.173:2817,1755152243,0.00,0
67.43.228.252:27615,1755152243,0.42,1
72.10.164.178:9161,1755152243,0.40,1
149.129.255.179:3128,1755152243,0.00,0
149.129.255.179:3128,1755152243,0.00,1
149.129.255.179:3128,1755152243,0.00,0
149.129.255.179:3128,1755152243,0.00,1
103.172.71.73:2020,1755152243,0.00,0
102.23.235.186:8080,1755152243,0.00,0
67.43.228.250:11293,1755152243,0.00,0
101.200.158.109:1234,1755152243,0.00,0
113.177.129.154:8118,1755152243,0.00,0
171.213.206.220:8118,1755152243,0.00,0
171.213.206.220:8118,1755152243,0.00,0
67.43.228.250:26011,1755152243,0.70,1
47.90.149.238:8085,1755152243,0.00,0
47.90.149.238:8085,1755152243,0.00,1
141.253.127.218:3176,1755152243,0.00,0
72.10.160.90:17767,1755152243,0.00,0
101.126.64.190:8082,1755152243,0.00,0
101.126.64.190:8082,1755152243,0.00,0
101.126.64.190:8082,1755152243,0.00,0
101.126.64.190:8082,1755152243,0.00,0
72.10.160.171:18917,1755152243,0.00,0
103.227.142.47:8080,1755152243,0.00,0
67.43.228.253:18499,1755152243,0.00,0
67.43.236.20:25663,1755152243,0.00,0
201.159.97.25:8081,1755152243,0.00,0
72.10.160.91:4035,1755152243,0.00,0
67.43.228.251:21277,1755152243,2.07,1
111.72.194.167:2324,1755152243,0.00,0
67.43.228.250:31777,1755152243,0.42,1
72.10.160.171:4909,1755152243,0.35,1
67.43.228.250:17437,1755152243,0.20,1
67.43.236.18:9697,1755152243,0.00,0
101.200.158.109:443,1755152243,0.00,0
8.212.168.170:8082,1755152243,0.00,1
8.212.168.170:8082,1755152243,0.00,1
8.212.168.170:8082,1755152243,0.00,0
103.118.44.190:8080,1755152243,0.00,0
103.118.44.190:8080,1755152243,0.00,0
203.95.198.129:8080,1755152243,0.00,0
72.10.164.178:28955,1755152243,0.00,0
72.10.160.91:4687,1755152243,0.00,0
117.57.112.130:3712,1755152243,0.00,0
67.43.236.18:8615,1755152243,0.19,1
67.43.236.18:8615,1755152243,0.00,0
103.12.242.234:8080,1755152243,0.00,0
67.43.228.250:17597,1755152243,0.00,0
49.147.130.30:8082,1755152243,0.00,0
200.52.157.138:999,1755152243,0.00,0
101.200.158.109:1111,1755152243,0.00,0
101.200.158.109:1111,1755152243,0.00,0
72.10.160.90:31473,1755152243,0.00,0
67.43.228.253:2647,1755152243,0.00,0
72.10.160.90:11485,1755152243,0.00,0
152.53.194.55:22724,1755152243,0.00,0
12.165.234.253:16096,1755152243,0.00,0
121.43.154.123:80,1755152243,0.00,0
121.43.154.123:80,1755152243,0.00,0
101.200.241.24:3128,1755152243,0.00,0
101.200.241.24:3128,1755152243,0.00,0
101.200.241.24:3128,1755152243,0.00,0
37.238.63.47:8080,1755152243,0.00,0
8.220.141.8:4145,1755152243,0.00,0
8.220.141.8:4145,1755152243,0.00,1
8.220.141.8:4145,1755152243,0.00,1
8.220.141.8:4145,1755152243,0.00,1
101.32.243.45:8082,1755152243,0.00,0
121.43.154.123:1081,1755152243,0.00,0
31.6.42.53:8118,1755152243,0.00,0
72.10.164.178:29633,1755152243,0.00,0
72.10.164.178:21879,1755152243,0.00,0
47.250.159.65:5060,1755152243,0.00,1
47.250.159.65:5060,1755152243,0.00,1
186.180.22.196:8080,1755152243,0.00,0
157.20.143.66:8082,1755152243,0.00,0
72.10.160.170:28529,1755152243,0.00,0
72.10.160.91:2783,1755152243,0.62,1
101.32.244.83:8083,1755152243,0.42,1
101.32.243.45:8091,1755152243,0.22,1
101.32.243.45:8091,1755152243,0.32,1
67.43.236.21:2335,1755152243,0.14,1
67.43.236.19:2341,1755152243,0.00,0
103.210.119.53:8080,1755152243,0.00,0
119.92.252.190:8082,1755152243,0.00,0
39.102.214.199:8008,1755152243,0.00,0
39.102.214.199:8008,1755152243,0.00,0
39.102.214.199:8008,1755152243,0.00,0
39.102.214.199:8008,1755152243,0.00,0
101.200.158.109:5555,1755152243,0.00,0
67.43.228.252:8941,1755152243,0.00,0
67.43.228.250:11707,1755152243,0.30,1
67.43.228.252:10421,1755152243,0.13,1
182.16.171.101:8080,1755152243,0.00,0
209.14.119.120:999,1755152243,0.00,0
47.119.22.92:8081,1755152243,0.00,0
47.119.22.92:8081,1755152243,0.00,0
47.119.22.92:8081,1755152243,0.00,0
47.119.22.92:8081,1755152243,0.00,0
47.119.22.92:8081,1755152243,0.00,0
39.104.16.201:8080,1755152243,0.00,0
39.104.16.201:8080,1755152243,0.00,0
39.104.16.201:8080,1755152243,0.00,0
121.230.8.242:1080,1755152243,0.00,0
121.230.8.242:1080,1755152243,0.00,0
115.72.162.178:10002,1755152243,0.00,0
115.72.162.178:10002,1755152243,0.00,0
115.72.162.178:10002,1755152243,0.00,0
38.54.9.151:8090,1755152243,0.00,1
38.54.9.151:8090,1755152243,0.00,1
38.54.9.151:8090,1755152243,0.00,1
38.54.9.151:8090,1755152243,0.00,1
38.54.9.151:8090,1755152243,0.00,1
38.54.9.151:8090,1755152243,0.00,1
72.10.160.170:20561,1755152243,0.24,1
103.75.96.70:8080,1755152243,0.00,0
8.213.128.90:8081,1755152243,0.00,0
8.213.128.90:8081,1755152243,0.00,0
8.213.128.90:8081,1755152243,0.00,1
8.213.128.90:8081,1755152243,0.00,1
8.213.128.90:8081,1755152243,0.00,1
67.43.228.251:30457,1755152243,0.00,0
72.10.164.178:9989,1755152243,0.00,0
123.141.181.16:5031,1755152243,0.00,0
62.193.108.145:1976,1755152243,0.00,0
62.193.108.145:1976,1755152243,0.00,0
67.43.236.22:25459,1755152243,0.00,0
47.116.181.146:80,1755152243,0.00,0
47.116.181.146:80,1755152243,0.00,0
47.116.181.146:80,1755152243,0.00,0
47.116.181.146:80,1755152243,0.00,0
47.116.181.146:80,1755152243,0.00,0
47.116.181.146:80,1755152243,0.00,0
47.116.181.146:80,1755152243,0.00,0
47.116.181.146:80,1755152243,0.00,0
8.213.197.208:3129,1755152243,0.00,1
8.213.197.208:3129,1755152243,0.00,1
8.213.197.208:3129,1755152243,0.00,1
8.213.197.208:3129,1755152243,0.00,1
47.250.51.110:31281,1755152243,0.00,1
47.250.51.110:31281,1755152243,0.00,1
47.250.51.110:31281,1755152243,0.00,0
8.215.15.163:8123,1755152243,0.00,1
8.215.15.163:8123,1755152243,0.00,1
8.215.15.163:8123,1755152243,0.00,1
8.215.15.163:8123,1755152243,0.00,0
8.215.15.163:8123,1755152243,0.00,1
8.215.15.163:8123,1755152243,0.00,1
39.100.88.89:4006,1755152243,0.00,0
39.100.88.89:4006,1755152243,0.00,0
101.200.158.109:89,1755152243,0.00,0
114.215.127.92:9100,1755152243,0.00,0
114.215.127.92:9100,1755152243,0.00,0
72.10.160.171:14479,1755152243,0.00,0
156.244.11.6:1080,1755152243,0.00,1
156.244.11.6:1080,1755152243,0.00,1
156.244.11.6:1080,1755152243,0.00,1
156.244.11.6:1080,1755152243,0.00,1
156.244.11.6:1080,1755152243,0.00,1
156.244.11.6:1080,1755152243,0.00,1
149.129.226.9:8443,1755152243,0.00,1
149.129.226.9:8443,1755152243,0.00,1
149.129.226.9:8443,1755152243,0.00,1
47.109.110.100:8081,1755152243,0.00,0
47.109.110.100:8081,1755152243,0.00,0
47.109.110.100:8081,1755152243,0.00,0
47.109.110.100:8081,1755152243,0.00,0
47.109.110.100:8081,1755152243,0.00,0
47.109.110.100:8081,1755152243,0.00,0
47.109.110.100:8081,1755152243,0.00,0
47.109.110.100:8081,1755152243,0.00,0
47.109.110.100:8081,1755152243,0.00,0
47.91.110.148:8081,1755152243,0.00,1
47.91.110.148:8081,1755152243,0.00,1
47.91.110.148:8081,1755152243,0.00,1
47.91.110.148:8081,1755152243,0.00,1
47.91.110.148:8081,1755152243,0.00,0
8.213.128.90:77,1755152243,0.00,1
8.213.128.90:77,1755152243,0.00,1
8.213.128.90:77,1755152243,0.00,0
67.43.228.250:14995,1755152243,0.00,0
72.10.164.178:29993,1755152243,0.00,0
101.200.158.109:8085,1755152243,0.00,0
136.175.9.83:8081,1755152243,2.17,1
136.175.9.83:8081,1755152243,1.08,1
39.102.211.162:8090,1755152243,0.00,0
39.102.211.162:8090,1755152243,0.00,0
39.102.211.162:8090,1755152243,0.00,0
39.102.211.162:8090,1755152243,0.00,0
8.213.128.90:13,1755152243,0.00,1
8.213.128.90:13,1755152243,0.00,1
8.213.128.90:13,1755152243,0.00,1
47.250.11.111:1081,1755152243,0.00,1
47.250.11.111:1081,1755152243,0.00,1
67.43.228.250:18953,1755152243,0.00,0
110.171.40.132:8080,1755152243,0.00,0
110.171.40.132:8080,1755152243,0.00,0
72.10.164.178:4829,1755152243,0.00,0
47.91.121.127:1080,1755152243,0.00,1
47.91.121.127:1080,1755152243,0.00,1
47.237.113.119:89,1755152243,0.00,1
47.237.113.119:89,1755152243,0.00,1
47.237.113.119:89,1755152243,0.00,1
47.237.113.119:89,1755152243,0.00,1
47.251.73.54:81,1755152243,0.00,1
47.251.73.54:81,1755152243,0.00,1
8.212.165.164:10801,1755152243,0.00,1
154.16.41.38:5555,1755152243,0.00,0
38.54.9.151:9090,1755152243,0.00,1
38.54.9.151:9090,1755152243,0.00,1
72.10.160.170:23939,1755152243,0.97,1
164.163.42.7:10000,1755152243,0.26,1
164.163.42.7:10000,1755152243,0.13,1
164.163.42.7:10000,1755152243,0.27,1
164.163.42.7:10000,1755152243,0.24,1
72.10.164.178:12919,1755152243,0.25,1
67.43.228.253:28319,1755152243,0.13,1
67.43.236.21:26991,1755152243,0.00,0
190.205.40.94:3128,1755152243,0.00,0
190.205.40.94:3128,1755152243,0.00,0
190.205.40.94:3128,1755152243,0.00,0
190.205.40.94:3128,1755152243,0.00,0
190.205.40.94:3128,1755152243,0.00,0
72.10.160.170:27321,1755152243,0.00,0
101.200.158.109:10091,1755152243,0.00,0
141.253.101.157:3171,1755152243,4.17,1
8.221.141.88:2379,1755152243,0.00,1
8.221.141.88:2379,1755152243,0.00,1
72.10.160.90:30531,1755152243,0.00,0
47.109.39.34:3389,1755152243,0.00,0
67.43.236.18:1481,1755152243,0.00,0
194.147.115.228:80,1755152243,3.95,1
103.83.178.45:8181,1755152243,0.00,0
67.43.228.250:11305,1755152243,1.45,1
72.10.164.178:5233,1755152243,0.00,0
67.43.228.252:10807,1755152243,0.26,1
165.225.113.220:10228,1755152243,0.24,1
165.225.113.220:10228,1755152243,0.23,1
72.10.160.170:22507,1755152243,0.00,0
103.173.231.14:1111,1755152243,0.00,0
8.215.15.163:8181,1755152243,0.00,1
72.10.164.178:27295,1755152243,0.36,1
47.113.193.26:8080,1755152243,0.00,0
47.91.120.190:8880,1755152243,0.00,1
47.91.120.190:8880,1755152243,0.00,1
47.91.120.190:8880,1755152243,0.00,1
103.111.160.46:8080,1755152243,0.00,1
103.156.16.76:1080,1755152243,0.43,1
120.28.139.29:8081,1755152243,0.00,0
103.169.189.155:3125,1755152243,0.00,0
103.169.189.155:3125,1755152243,0.00,0
103.135.5.142:63123,1755152243,0.00,0
103.135.5.142:63123,1755152243,0.00,0
212.69.29.2:6666,1755152243,0.00,0
201.150.118.26:999,1755152243,0.00,0
8.213.222.247:18081,1755152243,0.00,1
111.72.130.135:2324,1755152243,0.00,0
121.43.154.123:8008,1755152243,0.00,0
121.43.154.123:8008,1755152243,0.00,0
121.43.154.123:8008,1755152243,0.00,0
47.121.129.129:8888,1755152243,0.00,0
123.20.175.180:1008,1755152243,0.00,0
112.198.128.171:8083,1755152243,0.28,1
190.60.36.83:999,1755152243,0.00,0
101.200.158.109:8089,1755152243,0.00,0
67.43.236.18:28681,1755152243,0.89,1
157.100.7.218:999,1755152243,0.00,0
49.12.103.92:8089,1755152243,0.00,0
103.110.85.107:3128,1755152243,0.00,0
72.10.160.90:5751,1755152243,0.55,1
72.10.160.90:8315,1755152243,0.00,0
72.10.160.170:20309,1755152243,0.00,0
39.102.209.128:8008,1755152243,0.00,0
39.102.209.128:8008,1755152243,0.00,0
39.102.209.128:8008,1755152243,0.00,0
39.102.209.128:8008,1755152243,0.00,0
72.10.160.90:6263,1755152243,0.00,0
8.211.194.78:3129,1755152243,0.00,1
8.211.194.78:3129,1755152243,0.00,0
8.212.168.170:1080,1755152243,0.00,1
27.79.166.224:16000,1755152243,0.00,0
123.21.21.46:1010,1755152243,0.00,0
117.161.170.163:9083,1755152243,0.00,0
125.167.172.174:8080,1755152243,0.00,0
103.214.82.79:8080,1755152243,0.00,0
156.254.6.229:3128,1755152243,0.00,0
156.254.6.229:3128,1755152243,0.00,0
1.54.77.110:16000,1755152243,0.00,0
72.10.160.170:5121,1755152243,0.56,1
101.66.195.105:8085,1755152243,0.00,0
8.220.136.174:9999,1755152243,0.00,1
72.10.160.174:12321,1755152243,0.20,1
72.10.164.178:26841,1755152243,0.00,0
80.74.164.255:6666,1755152243,0.00,0
103.159.96.19:8080,1755152243,0.00,0
109.230.82.173:3128,1755152243,0.00,0
109.230.82.173:3128,1755152243,0.00,0
109.230.82.173:3128,1755152243,0.00,0
47.252.11.233:4145,1755152243,0.00,0
47.252.11.233:4145,1755152243,0.00,0
72.10.164.178:23955,1755152243,0.78,1
173.44.175.226:3128,1755152243,0.52,1
219.152.175.168:10040,1755152243,0.00,0
219.152.175.168:10040,1755152243,0.00,0
67.43.236.20:9557,1755152243,0.00,0
103.191.196.212:8080,1755152243,0.00,0
67.43.236.20:26309,1755152243,0.00,0
139.9.1.216:2022,1755152243,0.00,0
115.72.44.30:10001,1755152243,0.00,0
115.77.143.238:10006,1755152243,0.00,0
42.117.168.250:16000,1755152243,0.00,0
42.118.15.140:16000,1755152243,0.00,0
67.43.228.254:13103,1755152243,0.00,0
152.53.168.53:15483,1755152243,0.00,0
15.168.14.236:3128,1755152243,0.00,1
15.168.14.236:3128,1755152243,0.00,1
15.168.14.236:3128,1755152243,0.00,1
42.118.74.180:16000,1755152243,0.00,0
101.32.244.83:8085,1755152243,0.15,1
103.217.213.124:32650,1755152243,0.00,0
67.43.236.18:23995,1755152243,0.00,0
67.43.236.20:23681,1755152243,0.00,0
173.44.175.229:3128,1755152243,0.00,0
34.101.109.213:3128,1755152243,0.00,0
101.200.158.109:8808,1755152243,0.00,0
8.213.129.20:3080,1755152243,0.00,1
8.212.151.166:1024,1755152243,0.00,1
116.98.185.71:1004,1755152243,0.00,0
115.77.166.244:10001,1755152243,0.00,0
204.199.140.17:999,1755152243,0.00,0
204.199.140.17:999,1755152243,0.00,0
103.122.1.244:8181,1755152243,0.00,0
67.43.236.20:8155,1755152243,0.00,0
67.43.228.251:27931,1755152243,0.00,0
173.209.63.69:8132,1755152243,0.00,0
39.102.211.162:8888,1755152243,0.00,0
47.121.182.36:39,1755152243,0.00,0
67.43.228.250:6283,1755152243,2.35,1
213.35.155.176:1080,1755152243,1.27,1
101.32.244.83:8088,1755152243,0.19,1
101.32.244.83:8088,1755152243,0.00,0
72.10.160.90:31883,1755152243,0.00,0
47.121.133.212:3129,1755152243,0.00,0
171.228.76.137:1006,1755152243,0.00,0
47.91.29.151:90,1755152243,0.00,1
47.91.29.151:90,1755152243,0.00,1
47.91.29.151:90,1755152243,0.00,0
72.10.160.170:17255,1755152243,0.00,0
72.10.160.171:17047,1755152243,0.00,0
72.10.160.91:28679,1755152243,0.00,0
72.10.164.178:31967,1755152243,0.17,1
72.10.164.178:31967,1755152243,0.10,1
38.156.23.15:999,1755152243,0.00,0
103.166.159.249:7777,1755152243,0.00,0
45.175.236.0:999,1755152243,0.00,0
152.53.194.55:19379,1755152243,0.00,0
72.10.164.178:16875,1755152243,0.00,0
72.10.164.178:16875,1755152243,0.20,1
72.10.164.178:5551,1755152243,0.00,0
72.10.160.171:2069,1755152243,0.00,0
47.250.11.111:1000,1755152243,0.00,1
47.250.11.111:1000,1755152243,0.00,0
72.10.164.178:27927,1755152243,0.29,1
165.225.113.220:11596,1755152243,0.24,1
165.225.113.220:11267,1755152243,0.23,1
116.103.136.114:1001,1755152243,0.00,0
67.43.236.20:5315,1755152243,0.00,0
164.163.42.40:10000,1755152243,0.00,0
72.10.164.178:33197,1755152243,0.00,0
72.10.164.178:6163,1755152243,0.00,0
151.243.213.130:3128,1755152243,0.00,0
47.116.210.163:3129,1755152243,0.00,0
116.98.185.71:1010,1755152243,0.00,0
116.98.185.71:1010,1755152243,0.00,0
116.98.185.71:1010,1755152243,0.00,0
103.165.157.247:8088,1755152243,0.00,0
24.199.124.152:3128,1755152243,0.83,1
72.10.164.178:25271,1755152243,0.00,0
72.10.160.91:23127,1755152243,0.17,1
147.75.34.74:10009,1755152243,0.00,0
72.10.160.90:5195,1755152243,0.00,0
8.213.156.191:8001,1755152243,0.00,0
103.48.69.54:83,1755152243,0.00,0
67.43.228.252:22213,1755152243,0.00,0
101.32.243.45:8085,1755152243,0.35,1
72.10.160.170:32137,1755152243,0.21,1
67.43.228.253:23737,1755152243,0.13,1
72.10.164.178:18807,1755152243,0.13,1
111.72.196.138:2324,1755152243,0.00,0
67.43.236.18:23007,1755152243,0.00,0
67.43.228.250:25701,1755152243,0.00,0
202.57.25.42:8080,1755152243,0.00,0
72.10.160.93:18347,1755152243,0.00,0
72.10.160.94:18347,1755152243,0.00,0
